scenario,bank_type,policy,runs_with_gap,mean_gap_days,share_a_day_or_more_late,share_any_delay
S1,svb_like,A,70000,-0.01125,0,0
S1,svb_like,B,70000,-0.0126,0,0
S1,svb_like,E,70000,-0.0126,0,0
S1,svb_like,C,70000,-0.0035,0,0
S1,svb_like,C_prime,70000,-0.00323571,0,0
S1,diversified_regional,A,14552,-0.321846,0,0
S1,diversified_regional,B,13626,-0.318105,0,0
S1,diversified_regional,E,13626,-0.318105,0,0
S1,diversified_regional,C,13270,-0.31364,0,0
S1,diversified_regional,C_prime,14552,-0.321846,0,0
S1,regional_cat3,A,18822,-0.429365,0,0
S1,regional_cat3,B,17329,-0.422817,0,0
S1,regional_cat3,E,17329,-0.422817,0,0
S1,regional_cat3,C,39282,-0.166056,0,0
S1,regional_cat3,C_prime,40020,-0.15957,0,0
S1,gsib,A,451,-1.18514,0,0
S1,gsib,B,258,-0.992248,0,0
S1,gsib,E,258,-0.992248,0,0
S1,gsib,C,11354,-0.229611,0,0
S1,gsib,C_prime,12234,-0.282164,0,0
S2,svb_like,A,70000,-0.0434429,0,0
S2,svb_like,B,70000,-0.0484071,0,0
S2,svb_like,E,70000,-0.0484071,0,0
S2,svb_like,C,70000,-0.0200714,0,0
S2,svb_like,C_prime,70000,-0.0173357,0,0
S2,diversified_regional,A,326,-1.04601,0,0
S2,diversified_regional,B,231,-0.941558,0,0
S2,diversified_regional,E,231,-0.941558,0,0
S2,diversified_regional,C,161,-0.695652,0,0
S2,diversified_regional,C_prime,326,-1.04601,0,0
S2,regional_cat3,A,806,-0.614144,0,0
S2,regional_cat3,B,672,-0.505208,0,0
S2,regional_cat3,E,672,-0.505208,0,0
S2,regional_cat3,C,9448,-0.183531,0,0
S2,regional_cat3,C_prime,9989,-0.244018,0,0
S2,gsib,A,0,,,
S2,gsib,B,0,,,
S2,gsib,E,0,,,
S2,gsib,C,1070,-0.118692,0,0
S2,gsib,C_prime,1168,-0.210616,0,0
