bank_type,policy,uncovered_bn (scored),diff_vs_A,lo,hi,largest_owed_bn (alternative),diff_vs_A,lo,hi
svb_like,A,0,,,,8.89905,,,
svb_like,B,0,0,0,0,0.753447,-8.1456,-8.36581,-7.92539
svb_like,B_prime,0,0,0,0,0.113555,-8.78549,-9.00563,-8.56535
svb_like,C,0,0,0,0,8.76521,-0.133832,-0.310609,0.0429445
svb_like,C_prime,0,0,0,0,7.94993,-0.949113,-1.14946,-0.748762
svb_like,E,0,0,0,0,0.753447,-8.1456,-8.36581,-7.92539
diversified_regional,A,0,,,,0.0368052,,,
diversified_regional,B,0,0,0,0,0,-0.0368052,-0.044021,-0.0295895
diversified_regional,B_prime,0,0,0,0,0,-0.0368052,-0.044021,-0.0295895
diversified_regional,C,0,0,0,0,0.0281889,-0.00861629,-0.0110734,-0.00615914
diversified_regional,C_prime,0,0,0,0,0.0368052,0,0,0
diversified_regional,E,0,0,0,0,0,-0.0368052,-0.044021,-0.0295895
regional_cat3,A,0,,,,0.160914,,,
regional_cat3,B,0,0,0,0,0,-0.160914,-0.185107,-0.136722
regional_cat3,B_prime,0,0,0,0,0,-0.160914,-0.185107,-0.136722
regional_cat3,C,0,0,0,0,0.10173,-0.059184,-0.0812499,-0.0371181
regional_cat3,C_prime,0,0,0,0,1.53856,1.37765,1.26903,1.48626
regional_cat3,E,0,0,0,0,0,-0.160914,-0.185107,-0.136722
gsib,A,0,,,,0.0238294,,,
gsib,B,0,0,0,0,0,-0.0238294,-0.0396823,-0.00797652
gsib,B_prime,0,0,0,0,0,-0.0238294,-0.0396823,-0.00797652
gsib,C,0,0,0,0,0.0498014,0.025972,-0.00864144,0.0605855
gsib,C_prime,0,0,0,0,0.829013,0.805184,0.670214,0.940153
gsib,E,0,0,0,0,0,-0.0238294,-0.0396823,-0.00797652
