policy,scenario,bank_type,metric,value,diff_vs_a,diff_lo,diff_hi
A,S1,svb_like,fhlb_peak_bn,8.15431,,,
A,S1,diversified_regional,fhlb_peak_bn,2.3711,,,
A,S1,regional_cat3,fhlb_peak_bn,9.41012,,,
A,S1,gsib,fhlb_peak_bn,1.75414,,,
A,S2,svb_like,fhlb_peak_bn,8.13678,,,
A,S2,diversified_regional,fhlb_peak_bn,0.141946,,,
A,S2,regional_cat3,fhlb_peak_bn,0.964527,,,
A,S2,gsib,fhlb_peak_bn,0.0250675,,,
B,S1,svb_like,fhlb_peak_bn,6.28573,-1.86858,-1.94156,-1.7956
B,S1,diversified_regional,fhlb_peak_bn,1.92137,-0.449731,-0.481374,-0.418087
B,S1,regional_cat3,fhlb_peak_bn,7.32644,-2.08368,-2.21302,-1.95434
B,S1,gsib,fhlb_peak_bn,1.58275,-0.171391,-0.236513,-0.106269
B,S2,svb_like,fhlb_peak_bn,5.52917,-2.60761,-2.69353,-2.5217
B,S2,diversified_regional,fhlb_peak_bn,0.127312,-0.0146341,-0.0197778,-0.00949035
B,S2,regional_cat3,fhlb_peak_bn,0.885294,-0.0792326,-0.103329,-0.0551361
B,S2,gsib,fhlb_peak_bn,0.0250675,0,0,0
B_prime,S1,svb_like,fhlb_peak_bn,0,-8.15431,-8.23606,-8.07255
B_prime,S1,diversified_regional,fhlb_peak_bn,1.92137,-0.449731,-0.481374,-0.418087
B_prime,S1,regional_cat3,fhlb_peak_bn,7.32644,-2.08368,-2.21302,-1.95434
B_prime,S1,gsib,fhlb_peak_bn,1.57701,-0.177128,-0.242911,-0.111346
B_prime,S2,svb_like,fhlb_peak_bn,0,-8.13678,-8.21885,-8.05472
B_prime,S2,diversified_regional,fhlb_peak_bn,0.127312,-0.0146341,-0.0197778,-0.00949035
B_prime,S2,regional_cat3,fhlb_peak_bn,0.885294,-0.0792326,-0.103329,-0.0551361
B_prime,S2,gsib,fhlb_peak_bn,0.0250675,0,0,0
C,S1,svb_like,fhlb_peak_bn,8.15939,0.00508254,0.000285036,0.00988005
C,S1,diversified_regional,fhlb_peak_bn,2.31674,-0.054358,-0.0615076,-0.0472083
C,S1,regional_cat3,fhlb_peak_bn,12.5749,3.16475,2.93615,3.39334
C,S1,gsib,fhlb_peak_bn,12.5323,10.7782,10.0492,11.5071
C,S2,svb_like,fhlb_peak_bn,8.15153,0.0147433,0.00598066,0.023506
C,S2,diversified_regional,fhlb_peak_bn,0.135653,-0.00629267,-0.00926976,-0.00331559
C,S2,regional_cat3,fhlb_peak_bn,3.81345,2.84892,2.63423,3.06362
C,S2,gsib,fhlb_peak_bn,1.26646,1.24139,0.965416,1.51736
C_prime,S1,svb_like,fhlb_peak_bn,8.15957,0.00526851,0.000477128,0.0100599
C_prime,S1,diversified_regional,fhlb_peak_bn,2.3711,0,0,0
C_prime,S1,regional_cat3,fhlb_peak_bn,14.7865,5.37641,5.12364,5.62918
C_prime,S1,gsib,fhlb_peak_bn,15.0496,13.2955,12.431,14.16
C_prime,S2,svb_like,fhlb_peak_bn,8.15273,0.0159473,0.00723779,0.0246568
C_prime,S2,diversified_regional,fhlb_peak_bn,0.141946,0,0,0
C_prime,S2,regional_cat3,fhlb_peak_bn,4.49669,3.53217,3.26908,3.79525
C_prime,S2,gsib,fhlb_peak_bn,1.46912,1.44406,1.12263,1.76548
E,S1,svb_like,fhlb_peak_bn,6.28573,-1.86858,-1.94156,-1.7956
E,S1,diversified_regional,fhlb_peak_bn,1.92137,-0.449731,-0.481374,-0.418087
E,S1,regional_cat3,fhlb_peak_bn,7.32644,-2.08368,-2.21302,-1.95434
E,S1,gsib,fhlb_peak_bn,1.58275,-0.171391,-0.236513,-0.106269
E,S2,svb_like,fhlb_peak_bn,5.52917,-2.60761,-2.69353,-2.5217
E,S2,diversified_regional,fhlb_peak_bn,0.127312,-0.0146341,-0.0197778,-0.00949035
E,S2,regional_cat3,fhlb_peak_bn,0.885294,-0.0792326,-0.103329,-0.0551361
E,S2,gsib,fhlb_peak_bn,0.0250675,0,0,0
