round,stratum,source_type,count
main,S-A,filing,8
main,S-A,news,28
main,S-A,official_statement,1
main,S-A,speech_testimony,18
main,S-B,analyst_note,14
main,S-B,filing,10
main,S-B,news,12
main,S-B,official_statement,4
main,S-B,speech_testimony,35
main,S-C,analyst_note,17
main,S-C,filing,45
main,S-C,news,7
main,S-C,official_statement,1
main,S-C,speech_testimony,4
main,S-D,analyst_note,16
main,S-D,filing,12
main,S-D,news,28
main,S-D,speech_testimony,18
practice,S-B,filing,1
practice,S-B,news,1
practice,S-B,speech_testimony,3
practice,S-C,filing,5
practice,S-D,filing,5
