ID,Answer,Code,Unsure,Note,Labeler
G001,Some Concern,3,Y,"AI initial: Large rise in borrowings driven by BTFP/FHLB suggests greater dependence, though the filing's language is neutral.",AI:GPT-6.1 Sol (high)
G002,Some Concern,3,,AI initial: Banks' concern about discount-window stigma is explicitly reported; no actual failure is asserted.,AI:GPT-6.1 Sol (high)
G003,Some Concern,3,Y,AI initial: Crisis-record borrowing remains the dominant signal despite the week-to-week decline.,AI:GPT-6.1 Sol (high)
G004,Routine,2,,"AI initial: Balance, maturity and interest rate are stated factually without a claim of weakness or strength.",AI:GPT-6.1 Sol (high)
G005,Some Concern,3,Y,"AI initial: Reduced confidentiality is said to worsen stigma, offset by reassurance about lender-of-last-resort powers.",AI:GPT-6.1 Sol (high)
G006,Routine,2,,AI initial: Lists available facilities and outstanding amounts without presenting the borrowing as trouble.,AI:GPT-6.1 Sol (high)
G007,Clear Distress,4,,AI initial: Explicit funding strains and declining deposits explain increased discount-window and other borrowing.,AI:GPT-6.1 Sol (high)
G008,Routine,2,,AI initial: Participation in TAF is disclosed with a neutral explanation of the facility.,AI:GPT-6.1 Sol (high)
G009,Clear Distress,4,Y,AI initial: Fed funding replaces market funding that became unavailable; positive policy response does not remove that distress signal.,AI:GPT-6.1 Sol (high)
G010,Reassuring,1,,AI initial: Access to the window is presented as an adequate liquidity safeguard without much stigma.,AI:GPT-6.1 Sol (high)
G011,Reassuring,1,Y,"AI initial: Dimon's planned borrowing is presented as an effort to reduce stigma, although the passage also evokes panic.",AI:GPT-6.1 Sol (high)
G012,Clear Distress,4,Y,AI initial: Emergency support provides lifeblood to a frozen banking market; the surrounding account emphasizes systemic strain.,AI:GPT-6.1 Sol (high)
G013,Reassuring,1,Y,"AI initial: Explicitly separates ordinary discount-window access from emergency credit, countering an adverse interpretation.",AI:GPT-6.1 Sol (high)
G014,Clear Distress,4,,AI initial: Massive Fed loans are described as saving interconnected banks from a domino failure.,AI:GPT-6.1 Sol (high)
G015,Reassuring,1,,AI initial: Deposit growth makes PPPLF borrowing unnecessary; liquidity strength is explicitly shown.,AI:GPT-6.1 Sol (high)
G016,Clear Distress,4,,AI initial: Record borrowing and a program intended to prevent further bank collapses frame use as crisis support.,AI:GPT-6.1 Sol (high)
G017,Clear Distress,4,,"AI initial: Deposit drain forced heavy Fed borrowing to maintain operations, with adverse funding-cost effects.",AI:GPT-6.1 Sol (high)
G018,Some Concern,3,Y,"AI initial: Lender-of-last-resort replacement of wholesale funding suggests strain, moderated by the bank's reassuring statements.",AI:GPT-6.1 Sol (high)
G019,Some Concern,3,,AI initial: Borrowing is linked to rumors of banks being forced to seek help and to post-run market anxiety.,AI:GPT-6.1 Sol (high)
G020,Routine,2,Y,AI initial: Describes the PDCF and historical funding total; crisis context alone does not expressly characterize users as failing.,AI:GPT-6.1 Sol (high)
G021,Clear Distress,4,,"AI initial: Stricken lender, emergency loans and impending repayment constraints explicitly indicate trouble.",AI:GPT-6.1 Sol (high)
G022,Some Concern,3,,AI initial: The passage expressly says use can indicate financial issues and send a bad message.,AI:GPT-6.1 Sol (high)
G023,Reassuring,1,,"AI initial: PPPLF borrowing is being reduced, with favorable financing and neutral regulatory-capital effects.",AI:GPT-6.1 Sol (high)
G024,Reassuring,1,Y,AI initial: Full repayment and termination of the backstop signal improvement; historical near-bankruptcy makes the passage mixed.,AI:GPT-6.1 Sol (high)
G025,Routine,2,,AI initial: Neutral facility description and outstanding loan balance.,AI:GPT-6.1 Sol (high)
G026,Reassuring,1,,AI initial: Greater preparedness and prepositioned collateral are described as a substantial improvement.,AI:GPT-6.1 Sol (high)
G027,Reassuring,1,,AI initial: Early repayments and eased private funding conditions show reduced central-bank dependence.,AI:GPT-6.1 Sol (high)
G028,Routine,2,Y,"AI initial: Reports PPPLF terms, collateral and balance without explicit evaluative language; practice examples lean reassuring.",AI:GPT-6.1 Sol (high)
G029,Reassuring,1,,AI initial: Early repayment is expressly called a sign of improved confidence and funding prospects.,AI:GPT-6.1 Sol (high)
G030,Clear Distress,4,Y,"AI initial: Banks lining up at the height of the crisis evokes distress, but the one-sentence passage supplies little detail.",AI:GPT-6.1 Sol (high)
G031,Reassuring,1,,AI initial: The bank expects no liquidity/capital harm and says it does not need PPPLF relief.,AI:GPT-6.1 Sol (high)
G032,Reassuring,1,Y,AI initial: Coordinated borrowing and encouragement to use buffers counter stigma; fear of being seen as troubled remains present.,AI:GPT-6.1 Sol (high)
G033,Reassuring,1,,AI initial: Improved financial conditions and repayment are linked to decreasing ECB dependence.,AI:GPT-6.1 Sol (high)
G034,Reassuring,1,,AI initial: Dramatically lower Fed borrowing accompanies a return to more normal financial-market functioning.,AI:GPT-6.1 Sol (high)
G035,Routine,2,Y,AI initial: Tracks TAF allocations and substitution for affiliate funding without an explicit strength/weakness judgment.,AI:GPT-6.1 Sol (high)
G036,Reassuring,1,Y,AI initial: PDCF is described as a useful backstop and borrowing has declined after its peak.,AI:GPT-6.1 Sol (high)
G037,Some Concern,3,,"AI initial: Successful funding support is qualified by continuing economic weakness, falling asset prices and volatility.",AI:GPT-6.1 Sol (high)
G038,Reassuring,1,,AI initial: TAF is described as successfully improving liquidity and willingness to extend credit.,AI:GPT-6.1 Sol (high)
G039,Clear Distress,4,,AI initial: Emergency funding feeds onerous short-term requirements amid destabilization of the lender.,AI:GPT-6.1 Sol (high)
G040,Some Concern,3,,AI initial: Explicit stigma and unusually large window use create concern without a direct assertion of failure.,AI:GPT-6.1 Sol (high)
G041,Clear Distress,4,Y,AI initial: New Fed borrowing is discussed alongside support for collapsed banks; borrower populations are mixed.,AI:GPT-6.1 Sol (high)
G042,Some Concern,3,,AI initial: Dramatic growth in emergency-program lending and possible need for more funding suggest continuing pressure.,AI:GPT-6.1 Sol (high)
G043,Some Concern,3,Y,AI initial: Deposit stabilization is offset by crisis-record discount-window borrowing; the overall message remains concerned.,AI:GPT-6.1 Sol (high)
G044,Reassuring,1,Y,"AI initial: Prepositioning collateral and periodic use are proposed as prudent readiness measures, despite mention of stigma.",AI:GPT-6.1 Sol (high)
G045,Reassuring,1,,AI initial: Substantial TAF participation is interpreted as evidence that its borrowing carried little or no stigma.,AI:GPT-6.1 Sol (high)
G046,Reassuring,1,Y,AI initial: Regulators explicitly encourage prepared use to support liquidity; unrealized-loss constraints make the passage mixed.,AI:GPT-6.1 Sol (high)
G047,Reassuring,1,,AI initial: Successful exit from emergency programs and sharply lower credit outstanding convey recovery.,AI:GPT-6.1 Sol (high)
G048,Some Concern,3,Y,AI initial: Describes stigma and separates routine payment shocks from severe liquidity shocks; no individual borrower is assessed.,AI:GPT-6.1 Sol (high)
G049,Reassuring,1,Y,AI initial: PPPLF funds a growing PPP program alongside strong deposit growth; largely factual wording makes routine plausible.,AI:GPT-6.1 Sol (high)
G050,Some Concern,3,,"AI initial: Borrowing jumps from a normal low level to a crisis-breaking record, signaling strain without a named bank's failure.",AI:GPT-6.1 Sol (high)
G051,Reassuring,1,Y,"AI initial: Stabilization and full repayment dominate the current message, despite the explicit account of earlier near-collapse.",AI:GPT-6.1 Sol (high)
G052,Routine,2,Y,AI initial: Explains relative funding costs and program growth; the historical panic reference does not itself establish current distress.,AI:GPT-6.1 Sol (high)
G053,Reassuring,1,,AI initial: Full ELA repayment is explicitly called a positive development amid stronger buffers and confidence.,AI:GPT-6.1 Sol (high)
G054,Routine,2,,"AI initial: Reports typical borrowing terms, collateral and rates without evaluative framing.",AI:GPT-6.1 Sol (high)
G055,Clear Distress,4,,AI initial: Loss of primary-credit eligibility and borrowing until FDIC seizure explicitly place the bank in distress.,AI:GPT-6.1 Sol (high)
G056,Some Concern,3,,AI initial: Record borrowing far above the typical weekly level conveys exceptional funding pressure.,AI:GPT-6.1 Sol (high)
G057,Some Concern,3,Y,"AI initial: Support equal to national GDP suggests heavy reliance, although the speaker emphasizes the benefit of euro-area membership.",AI:GPT-6.1 Sol (high)
G058,Reassuring,1,,AI initial: The analyst explicitly interprets primary credit as evidence of health and low imminent-failure risk.,AI:GPT-6.1 Sol (high)
G059,Clear Distress,4,Y,AI initial: ELA expands from individual institutions to whole banking systems and dominates very large support needs.,AI:GPT-6.1 Sol (high)
G060,Some Concern,3,Y,"AI initial: Exceptionally large, increasing ELA reliance raises concern, moderated by continued solvency/collateral conditions.",AI:GPT-6.1 Sol (high)
G061,Reassuring,1,Y,AI initial: Ample unused capacity and PPPLF financing present liquidity resources positively; much of the account is factual.,AI:GPT-6.1 Sol (high)
G062,Some Concern,3,Y,"AI initial: Loans were concealed to avoid further market turmoil, implying concern about disclosure rather than proven failure.",AI:GPT-6.1 Sol (high)
G063,Reassuring,1,,"AI initial: PPPLF borrowings were repaid in full, a positive dependence-reduction signal.",AI:GPT-6.1 Sol (high)
G064,Some Concern,3,,AI initial: Discount-window borrowing is explicitly feared as a signal of financial weakness; no named failure is asserted.,AI:GPT-6.1 Sol (high)
G065,Clear Distress,4,,"AI initial: Market funding dried up and branches were seriously short of liquidity, forcing window use.",AI:GPT-6.1 Sol (high)
G066,Reassuring,1,Y,AI initial: Borrowing is declining well below its panic peak; the ending is cut off and historical run fears make it mixed.,AI:GPT-6.1 Sol (high)
G067,Clear Distress,4,,AI initial: Loss of ECB/ELA access could prevent Greek banks from remaining open; inability to repay is explicit.,AI:GPT-6.1 Sol (high)
G068,Routine,2,,AI initial: Neutral explanation of borrowing patterns and policy changes intended to attract users.,AI:GPT-6.1 Sol (high)
G069,Clear Distress,4,,AI initial: Large Fed borrowing is tied to failed/seized institutions and broader bank turmoil.,AI:GPT-6.1 Sol (high)
G070,Reassuring,1,Y,"AI initial: Repayments indicate improving funding and bank health, explicitly qualified as mild progress without room for complacency.",AI:GPT-6.1 Sol (high)
G071,Reassuring,1,,AI initial: The bank directly rejects liquidity concerns and describes the borrowing headlines as taken out of context.,AI:GPT-6.1 Sol (high)
G072,Some Concern,3,Y,"AI initial: Stigma and operational shortcomings are said to undermine the window's usefulness, though modernization is encouraged.",AI:GPT-6.1 Sol (high)
G073,Clear Distress,4,,AI initial: Borrowing explicitly highlights vulnerability and ongoing deposit outflows after bank collapses.,AI:GPT-6.1 Sol (high)
G074,Reassuring,1,Y,AI initial: PPPLF is presented as low-cost funding for substantial PPP lending; the passage is mostly factual.,AI:GPT-6.1 Sol (high)
G075,Reassuring,1,Y,"AI initial: Window/BTFP and bridge-bank balances decline, although the bridge-bank loans still reflect actual bank failures.",AI:GPT-6.1 Sol (high)
G076,Clear Distress,4,Y,"AI initial: Large PDCF liquidity is presented in the context of near-failures, bankruptcy and emergency restructuring.",AI:GPT-6.1 Sol (high)
G077,Reassuring,1,,AI initial: PPPLF borrowing explicitly bolstered overall liquidity while supporting customer loans.,AI:GPT-6.1 Sol (high)
G078,Routine,2,Y,AI initial: Discloses a PPPLF balance and matched loan terms without an explicit evaluation; practice examples favor reassuring.,AI:GPT-6.1 Sol (high)
G079,Routine,2,Y,"AI initial: Repayments and balance-sheet decline are factual here, without an explicit claim of healthier banks.",AI:GPT-6.1 Sol (high)
G080,Reassuring,1,,AI initial: Fed encouragement presents increased window use as responsible support for household/business credit.,AI:GPT-6.1 Sol (high)
G081,Reassuring,1,,AI initial: Full repayment accompanies improved market functioning; the opening begins mid-sentence.,AI:GPT-6.1 Sol (high)
G082,Clear Distress,4,,AI initial: Heavier PDCF use follows Lehman's failure and reaches exceptional crisis-scale levels.,AI:GPT-6.1 Sol (high)
G083,Some Concern,3,,AI initial: Exhausted eligible collateral and falling collateral values limit further central-bank borrowing.,AI:GPT-6.1 Sol (high)
G084,Routine,2,Y,AI initial: FRB/FHLB borrowing is described as funding asset growth; the short fragment lacks fuller context.,AI:GPT-6.1 Sol (high)
G085,Reassuring,1,,AI initial: PPPLF allows full funding of additional customer loan demand on matching maturities and low-cost terms.,AI:GPT-6.1 Sol (high)
G086,Reassuring,1,Y,AI initial: Borrowing is explicitly presented as proactive liquidity strengthening alongside stabilized deposits.,AI:GPT-6.1 Sol (high)
G087,Routine,2,Y,AI initial: Additional PPPLF draw and expected repayment through PPP forgiveness are disclosed factually.,AI:GPT-6.1 Sol (high)
G088,Some Concern,3,Y,"AI initial: The fragment concerns market runs, repo stress and window stigma; its precise borrowing evaluation is incomplete.",AI:GPT-6.1 Sol (high)
G089,Clear Distress,4,Y,AI initial: Fed borrowing meets deposit reductions during acute banking stress; precautionary demand softens but does not erase strain.,AI:GPT-6.1 Sol (high)
G090,Some Concern,3,Y,"AI initial: Less stigma and better terms are positive, but sharply reduced market-funding availability is the dominant explanation.",AI:GPT-6.1 Sol (high)
G091,Reassuring,1,,AI initial: Complete window repayment accompanies recovery of capital markets.,AI:GPT-6.1 Sol (high)
G092,Reassuring,1,,AI initial: Long-term ECB funding explicitly alleviates concerns and lowers borrowing costs.,AI:GPT-6.1 Sol (high)
G093,Some Concern,3,,AI initial: Borrowers hide Fed use because of reputation concerns; capital cushions are described as insufficient protection.,AI:GPT-6.1 Sol (high)
G094,Routine,2,,AI initial: Neutral historical statement about restrictions on discount-window access.,AI:GPT-6.1 Sol (high)
G095,Clear Distress,4,,AI initial: Troubled banks borrow for extended periods while authorities arrange mergers or closure.,AI:GPT-6.1 Sol (high)
G096,Reassuring,1,Y,AI initial: The speaker rejects stigma as an excuse and urges use of existing tools; adverse market perceptions are quoted.,AI:GPT-6.1 Sol (high)
G097,Reassuring,1,Y,"AI initial: Funding declines mainly through PPPLF paydown, with improving credit-loss provisions; no new strain is asserted.",AI:GPT-6.1 Sol (high)
G098,Clear Distress,4,,"AI initial: Banks are kept afloat by ELA amid capital controls, constrained support and threats to further credit.",AI:GPT-6.1 Sol (high)
G099,Reassuring,1,,AI initial: Participation in LTROs is expressly encouraging and helps small banks finance the real economy.,AI:GPT-6.1 Sol (high)
G100,Some Concern,3,,AI initial: Banks warn that ending the support scheme would prolong a mortgage funding drought.,AI:GPT-6.1 Sol (high)
G101,Clear Distress,4,Y,AI initial: A 20% deposit decline explains very large emergency borrowing; liquidity-bolstering language provides a positive counterpoint.,AI:GPT-6.1 Sol (high)
G102,Reassuring,1,,AI initial: The bank says PPPLF and existing resources meet all liquidity needs and stresses its position of strength.,AI:GPT-6.1 Sol (high)
G103,Some Concern,3,,AI initial: Borrowing is feared as a financial-weakness signal even for benign reasons; that interpretation is not fully rejected.,AI:GPT-6.1 Sol (high)
G104,Reassuring,1,Y,AI initial: PPPLF is presented as supporting PPP effectiveness through collateralized funding; mostly neutral program description.,AI:GPT-6.1 Sol (high)
G105,Reassuring,1,Y,AI initial: The Fed encouraged borrowing after lowering rates and banks responded; the positive framing is modest.,AI:GPT-6.1 Sol (high)
G106,Some Concern,3,,AI initial: Explicit adverse inferences about borrower condition deter use and worsen during crises.,AI:GPT-6.1 Sol (high)
G107,Reassuring,1,Y,"AI initial: Repayment and commercial terms are offered as reassurance, though the interviewer questions whether support is cost-free.",AI:GPT-6.1 Sol (high)
G108,Clear Distress,4,,AI initial: Central-bank support replaces only a fraction of missing funding; the passage explicitly describes a funding drought.,AI:GPT-6.1 Sol (high)
G109,Some Concern,3,Y,"AI initial: The lender-of-last-resort label is linked to frightened depositors and queues, but the critique targets communication.",AI:GPT-6.1 Sol (high)
G110,Routine,2,Y,AI initial: Reports pledged collateral and PPPLF-associated growth without an explicit liquidity-health judgment.,AI:GPT-6.1 Sol (high)
G111,Reassuring,1,,AI initial: Coordinated big-bank use is presented as a successful way to make borrowing acceptable and reduce shame.,AI:GPT-6.1 Sol (high)
G112,Some Concern,3,Y,AI initial: Extraordinary use and an emergency extension accompany worsening turmoil; no specific bank failure is asserted.,AI:GPT-6.1 Sol (high)
G113,Reassuring,1,,"AI initial: PPPLF use explicitly lowers funding costs, a beneficial financing choice.",AI:GPT-6.1 Sol (high)
G114,Clear Distress,4,,"AI initial: The bank is explicitly troubled, pays a penal central-bank rate and lacks willing market lenders.",AI:GPT-6.1 Sol (high)
G115,Routine,2,,AI initial: Explains a balance-sheet ratio and PPPLF accounting classification without judging financial condition.,AI:GPT-6.1 Sol (high)
G116,Routine,2,,"AI initial: Reports setup, collateral, borrowing capacity and utilization neutrally.",AI:GPT-6.1 Sol (high)
G117,Clear Distress,4,,AI initial: Large penal-rate emergency loans and difficult near-term refinancing constrain a troubled lender's sale.,AI:GPT-6.1 Sol (high)
G118,Routine,2,,AI initial: Lists funding balances and debt subordination without portraying Fed borrowing as exceptional trouble.,AI:GPT-6.1 Sol (high)
G119,Reassuring,1,,AI initial: Reduced LTRO dependence and a return to private markets are explicitly welcomed.,AI:GPT-6.1 Sol (high)
G120,Routine,2,,AI initial: Neutral PDCF description and outstanding balance.,AI:GPT-6.1 Sol (high)
G121,Reassuring,1,,AI initial: Prepared access and several liquidity options are presented as important safeguards that restore stability.,AI:GPT-6.1 Sol (high)
G122,Reassuring,1,Y,"AI initial: The closing statement frames window use as efficient risk management and smooth credit supply, countering earlier stigma.",AI:GPT-6.1 Sol (high)
G123,Some Concern,3,Y,AI initial: Lower window borrowing is offset by increased new-program use in an ongoing scramble after banking turmoil.,AI:GPT-6.1 Sol (high)
G124,Some Concern,3,Y,AI initial: Very large foreign-bank use is framed as turning to the Fed when scared; no specific insolvency is stated.,AI:GPT-6.1 Sol (high)
G125,Routine,2,Y,AI initial: Reports first PPPLF use and describes its mechanism; disparaging language primarily concerns another facility.,AI:GPT-6.1 Sol (high)
G126,Some Concern,3,Y,AI initial: Borrowing falls but remains framed against a dramatic crisis-record surge; improvement and strain are mixed.,AI:GPT-6.1 Sol (high)
G127,Some Concern,3,Y,"AI initial: Central-bank funding is described as government reliance amid criticism, although most criticism concerns taxes.",AI:GPT-6.1 Sol (high)
G128,Routine,2,Y,AI initial: Historical facility volumes and peaks are compared without explicitly evaluating borrowers' health.,AI:GPT-6.1 Sol (high)
G129,Clear Distress,4,,AI initial: Government-backed conversion of large BoE loans is part of an explicit rescue plan.,AI:GPT-6.1 Sol (high)
G130,Reassuring,1,,AI initial: Advance repayments are expressly a sign of receding funding-market tensions.,AI:GPT-6.1 Sol (high)
G131,Clear Distress,4,Y,"AI initial: Battered banks, toxic debts and an emergency scheme frame substantial borrowing as crisis support.",AI:GPT-6.1 Sol (high)
G132,Some Concern,3,,AI initial: Window borrowing is explicitly interpreted as inadequate liquidity and adds to market concerns.,AI:GPT-6.1 Sol (high)
G133,Reassuring,1,,AI initial: PPPLF repayment through forgiveness and deposit-funded debt reduction show reduced funding dependence.,AI:GPT-6.1 Sol (high)
G134,Reassuring,1,Y,AI initial: Elevated deposits make PPPLF use unnecessary; the warning about reduced FHLB capacity is hypothetical.,AI:GPT-6.1 Sol (high)
G135,Routine,2,Y,AI initial: Asset/cash reduction from discontinued PPPLF funding is reported without a stated health improvement or strain.,AI:GPT-6.1 Sol (high)
G136,Some Concern,3,Y,AI initial: Window/BTFP declines are offset by a sharp rise in failure-related other credit; the populations are mixed.,AI:GPT-6.1 Sol (high)
G137,Reassuring,1,Y,"AI initial: TAF coordination is described as a key liquidity-management tool, though increasing volumes could also look routine.",AI:GPT-6.1 Sol (high)
G138,Reassuring,1,Y,AI initial: LTRO participation is framed as prudent front-loading of maturing funding needs; the passage is a footnote fragment.,AI:GPT-6.1 Sol (high)
G139,Reassuring,1,Y,AI initial: Regulators encourage banks to use the window to prevent crisis escalation; stigma and stressed lenders make it mixed.,AI:GPT-6.1 Sol (high)
G140,Reassuring,1,,AI initial: Diminished facility use and narrower spreads are explicitly interpreted as easing market stress.,AI:GPT-6.1 Sol (high)
G141,Some Concern,3,Y,AI initial: Other banks' window use is associated with liquidity constraints; Arrow's favorable comparison adds reassurance about itself.,AI:GPT-6.1 Sol (high)
G142,Some Concern,3,Y,"AI initial: Fed borrowing is raised in the context of unprecedented withdrawal speed, but the question supplies little bank-specific detail.",AI:GPT-6.1 Sol (high)
G143,Clear Distress,4,,AI initial: Government-guaranteed refinancing of BoE loans is part of a rescue to nurse the bank back to health.,AI:GPT-6.1 Sol (high)
G144,Reassuring,1,,"AI initial: The author explicitly approves the support, highlights full repayment and rejects alarm over secrecy.",AI:GPT-6.1 Sol (high)
G145,Reassuring,1,Y,AI initial: Fed liquidity provision is presented as a helpful response to attacks; dramatic volumes do not themselves imply bank weakness.,AI:GPT-6.1 Sol (high)
G146,Some Concern,3,,"AI initial: Sharp growth and deepened reliance follow a bank collapse, with unrealized losses explaining pressure.",AI:GPT-6.1 Sol (high)
G147,Reassuring,1,,AI initial: Economical use and absence of stigma are explicitly offered as favorable explanations.,AI:GPT-6.1 Sol (high)
G148,Reassuring,1,,AI initial: TAF is credited with avoiding stigma and helping funding markets normalize.,AI:GPT-6.1 Sol (high)
G149,Routine,2,Y,"AI initial: Criticizes which firms benefited and lack of household benefit, rather than identifying borrowers' financial weakness.",AI:GPT-6.1 Sol (high)
G150,Routine,2,Y,"AI initial: Neutral PPPLF balance, purpose, collateral and matched maturity; practice examples could favor reassuring.",AI:GPT-6.1 Sol (high)
G151,Routine,2,,AI initial: Neutral PDCF description and outstanding loan balance.,AI:GPT-6.1 Sol (high)
G152,Routine,2,,AI initial: Neutral PDCF description and outstanding loan balance.,AI:GPT-6.1 Sol (high)
G153,Some Concern,3,Y,"AI initial: Large Fed funding accompanies abandoned capital-raising efforts and market volatility, without explicit imminent failure.",AI:GPT-6.1 Sol (high)
G154,Reassuring,1,,"AI initial: Facilities are explicitly credited with stability, steadier deposits and moderated use.",AI:GPT-6.1 Sol (high)
G155,Clear Distress,4,Y,"AI initial: Emergency schemes and recapitalization are presented as large-scale bank rescue, although criticism centers on limited lending.",AI:GPT-6.1 Sol (high)
G156,Reassuring,1,Y,"AI initial: The speaker explicitly welcomes banks' willingness to borrow and sees less stigma, while warning disclosure could worsen it.",AI:GPT-6.1 Sol (high)
G157,Reassuring,1,Y,"AI initial: Non-recourse, face-value PPPLF funding is presented as a planned liquidity-management supplement; mostly factual wording.",AI:GPT-6.1 Sol (high)
G158,Clear Distress,4,,AI initial: A bank run forces lender-of-last-resort support for Northern Rock.,AI:GPT-6.1 Sol (high)
G159,Some Concern,3,,AI initial: Disclosure of borrowing creates stigma and harms central-bank interventions; no specific current failure is asserted.,AI:GPT-6.1 Sol (high)
G160,Clear Distress,4,,AI initial: Borrowing is explicitly linked to banks that entered receivership or failed with loans outstanding.,AI:GPT-6.1 Sol (high)
G161,Some Concern,3,Y,"AI initial: Unprecedented lending and banks scrambling for funds evoke strain, though avoiding a crisis is the policy objective.",AI:GPT-6.1 Sol (high)
G162,Routine,2,,"AI initial: Reports small PPPLF balance, collateral and unused other credit lines neutrally.",AI:GPT-6.1 Sol (high)
G163,Some Concern,3,Y,AI initial: Data associate more active window use with lower liquidity/reserves; empirical wording could also be routine.,AI:GPT-6.1 Sol (high)
G164,Routine,2,Y,AI initial: Neutral disclosure of an unused window and PPP-secured borrowing; no financial-health assessment is explicit.,AI:GPT-6.1 Sol (high)
G165,Reassuring,1,Y,AI initial: Broad participation by many small banks is used to rebut an incomplete view; missing antecedent limits certainty.,AI:GPT-6.1 Sol (high)
G166,Reassuring,1,,AI initial: PPPLF use is framed as broadening access for underserved lenders with active Fed support.,AI:GPT-6.1 Sol (high)
G167,Routine,2,,"AI initial: Lists TAF, local central-bank and FX-swap funding alternatives without judging borrower condition.",AI:GPT-6.1 Sol (high)
G168,Some Concern,3,Y,AI initial: Heavy facility use is linked to crisis-era funding difficulties; the opening and facility context are incomplete.,AI:GPT-6.1 Sol (high)
G169,Reassuring,1,,AI initial: Full PPPLF repayment and zero outstanding borrowings are positive dependence-reduction signals.,AI:GPT-6.1 Sol (high)
G170,Routine,2,,AI initial: Periodic window use and ordinary maturity/prepayment terms are presented as routine short-term financing.,AI:GPT-6.1 Sol (high)
G171,Reassuring,1,Y,"AI initial: Welcomed LTRO support helps stabilize overnight rates, qualified by limited size and elevated volatility.",AI:GPT-6.1 Sol (high)
G172,Routine,2,Y,"AI initial: Reports PPPLF mechanics, balance and accounting classification neutrally; practice examples could favor reassuring.",AI:GPT-6.1 Sol (high)
G173,Some Concern,3,Y,AI initial: The question of funding running out qualifies the positive phrase good use and frames emergency borrowing with concern.,AI:GPT-6.1 Sol (high)
G174,Reassuring,1,Y,"AI initial: Reduced central-bank dependence is positive, though surrounding sector profitability and asset-quality difficulties make it mixed.",AI:GPT-6.1 Sol (high)
G175,Reassuring,1,,"AI initial: BTFP paydown is associated with lower interest expense, a positive financing improvement.",AI:GPT-6.1 Sol (high)
G176,Reassuring,1,,AI initial: TAF participation is explicitly an opportunistic choice to obtain an attractive borrowing rate.,AI:GPT-6.1 Sol (high)
G177,Routine,2,Y,AI initial: Reports scheme use and fees in a misconduct account; fee manipulation is not itself evidence of liquidity distress.,AI:GPT-6.1 Sol (high)
G178,Reassuring,1,,"AI initial: BTFP-funded cash plus capacity exceeds uninsured deposits, presenting a strong liquidity cushion.",AI:GPT-6.1 Sol (high)
G179,Some Concern,3,,AI initial: Window use is expressly feared as inability to borrow elsewhere and a negative financial-condition signal.,AI:GPT-6.1 Sol (high)
G180,Routine,2,,AI initial: Reports borrowing increases following a rate reduction without inferring financial weakness or strength.,AI:GPT-6.1 Sol (high)
G181,Clear Distress,4,,AI initial: Banks are completely dependent on ELA as their sole means of functioning and making payments.,AI:GPT-6.1 Sol (high)
G182,Reassuring,1,Y,AI initial: PPPLF is planned to fund guaranteed customer-loan growth; buyback suspension creates some adverse surrounding context.,AI:GPT-6.1 Sol (high)
G183,Clear Distress,4,,AI initial: Extended borrowing is accompanied by real solvency problems and failures with loans outstanding.,AI:GPT-6.1 Sol (high)
G184,Reassuring,1,,"AI initial: Supervisors explicitly call window use appropriate and unexceptional, with readiness and operational improvements.",AI:GPT-6.1 Sol (high)
G185,Clear Distress,4,Y,AI initial: Interbank markets stop functioning amid major funding disruptions; stigma further obstructs a needed liquidity source.,AI:GPT-6.1 Sol (high)
G186,Reassuring,1,,AI initial: Coordinated participation and Fed encouragement actively counter stigma and normalize facility use.,AI:GPT-6.1 Sol (high)
G187,Reassuring,1,Y,"AI initial: Radical restructuring and repayment of most ELA signal recovery, though past life-support dependence is explicit.",AI:GPT-6.1 Sol (high)
G188,Some Concern,3,,AI initial: Borrowing is feared to reveal weakness; stigma frustrates liquidity provision during distress episodes.,AI:GPT-6.1 Sol (high)
G189,Routine,2,Y,AI initial: Rising program use is attributed to an attractive maneuver and followed by a neutral window description; antecedent missing.,AI:GPT-6.1 Sol (high)
G190,Clear Distress,4,,"AI initial: Officials seek emergency collateral to honor a run, but massive withdrawals culminate in bank seizure.",AI:GPT-6.1 Sol (high)
G191,Reassuring,1,Y,"AI initial: The note advocates readiness and reducing stigma as protection against rapid runs, while grounding it in actual failures.",AI:GPT-6.1 Sol (high)
G192,Reassuring,1,Y,"AI initial: Quick repayment is presented as reducing expensive funding, though high borrowing costs are the main discussion.",AI:GPT-6.1 Sol (high)
G193,Routine,2,,"AI initial: First-time TAF participation, average balances and rate are disclosed neutrally.",AI:GPT-6.1 Sol (high)
G194,Some Concern,3,Y,AI initial: Banks falsely present themselves as stronger to lower the cost of state funding; misconduct rather than imminent failure is central.,AI:GPT-6.1 Sol (high)
G195,Reassuring,1,,AI initial: Less facility use follows deleveraging progress and improved private-market funding access.,AI:GPT-6.1 Sol (high)
G196,Reassuring,1,,AI initial: LTRO repayment is explicitly part of stabilization and regained market confidence.,AI:GPT-6.1 Sol (high)
G197,Some Concern,3,Y,"AI initial: The fragment links borrower disclosure to stigma, despite an opening call for better utilization.",AI:GPT-6.1 Sol (high)
G198,Routine,2,Y,AI initial: Reports large foreign-bank loans and subsequent repayment; opposition to disclosure adds ambiguous reputational context.,AI:GPT-6.1 Sol (high)
G199,Clear Distress,4,,AI initial: A recipient of ELA is explicitly in grave financial difficulty and needs relaxed collateral limits.,AI:GPT-6.1 Sol (high)
G200,Routine,2,Y,"AI initial: Explains margin effects of a BTFP opportunity, without presenting borrowing as financial trouble; opportunity suggests mild reassurance.",AI:GPT-6.1 Sol (high)
G201,Some Concern,3,Y,AI initial: Banks await closure of an emergency scheme on which they have drawn heavily; the looming transition suggests concern.,AI:GPT-6.1 Sol (high)
G202,Some Concern,3,,AI initial: Borrowing rumors are said to cause damaging loss of confidence even at a sound bank.,AI:GPT-6.1 Sol (high)
G203,Routine,2,Y,"AI initial: PPPLF amount, PPP funding purpose and collateral are reported factually; practice examples lean reassuring.",AI:GPT-6.1 Sol (high)
G204,Reassuring,1,,AI initial: TAF is explicitly very successful and mitigates global term-market liquidity shortages.,AI:GPT-6.1 Sol (high)
G205,Reassuring,1,,AI initial: LTROs explicitly reassure markets that banks' liquidity needs will be met over suitable horizons.,AI:GPT-6.1 Sol (high)
G206,Some Concern,3,,AI initial: Window borrowing is described as implying exhausted liquidity and inadequate preparation.,AI:GPT-6.1 Sol (high)
G207,Reassuring,1,,"AI initial: Excess liquidity, deposit growth and PPPLF payoff support lower costs and improved margin.",AI:GPT-6.1 Sol (high)
G208,Reassuring,1,,AI initial: Prepared collateral and a backstop are explicitly credited with positive market effects.,AI:GPT-6.1 Sol (high)
G209,Some Concern,3,Y,"AI initial: Crisis-high demand and large bridge-bank loans suggest pressure, although the fragment's borrowing comparison is incomplete.",AI:GPT-6.1 Sol (high)
G210,Reassuring,1,Y,AI initial: Payoff of all TAF borrowings is a positive reduction in reliance; the fragment begins mid-sentence.,AI:GPT-6.1 Sol (high)
G211,Reassuring,1,,AI initial: Reduced use of emergency facilities explicitly follows more normal funding-market functioning.,AI:GPT-6.1 Sol (high)
G212,Clear Distress,4,,"AI initial: Banks cannot lend to one another, markets remain frozen and credit flows collapse despite massive public support.",AI:GPT-6.1 Sol (high)
G213,Some Concern,3,,AI initial: Disclosures are explicitly said to generate stigma by revealing likely borrowers.,AI:GPT-6.1 Sol (high)
G214,Reassuring,1,,AI initial: Full PPPLF repayment contributes to lower borrowing interest expense.,AI:GPT-6.1 Sol (high)
G215,Reassuring,1,Y,"AI initial: The current story is declining use and program closure as markets improve, contrasted with severe earlier post-Lehman demand.",AI:GPT-6.1 Sol (high)
G216,Reassuring,1,,AI initial: Auction facilities are explicitly successful tools for reducing stigma and addressing illiquidity.,AI:GPT-6.1 Sol (high)
G217,Routine,2,Y,AI initial: Observers offer a possible timing explanation for borrowed cash; no clear strength/weakness interpretation is established.,AI:GPT-6.1 Sol (high)
G218,Routine,2,Y,AI initial: Discusses disclosure rules and parliamentary criticism without explaining what SLS borrowing signals about bank health.,AI:GPT-6.1 Sol (high)
G219,Some Concern,3,Y,"AI initial: One bank's large share of emergency borrowing suggests concentrated dependence, though the text is mainly numerical.",AI:GPT-6.1 Sol (high)
G220,Reassuring,1,Y,AI initial: Early bank repayments drive a striking contraction in ECB support; the passage does not explicitly evaluate bank health.,AI:GPT-6.1 Sol (high)
G221,Clear Distress,4,Y,AI initial: Beneficial stabilization is mixed with explicit support for institutions whose imminent failure threatened the global system.,AI:GPT-6.1 Sol (high)
G222,Reassuring,1,,AI initial: PPPLF and FHLB repayments sharply lower borrowing costs.,AI:GPT-6.1 Sol (high)
G223,Some Concern,3,Y,AI initial: Fear of being mistaken for a troubled borrower undermines access; the text says the inference can be mistaken.,AI:GPT-6.1 Sol (high)
G224,Reassuring,1,,AI initial: The bank contrasts its own lack of crisis-window reliance with others' extensive use and describes ample alternative liquidity.,AI:GPT-6.1 Sol (high)
G225,Routine,2,Y,AI initial: Explains PPPLF-funded PPP loans and corresponding balance-sheet changes; the opening is cut off.,AI:GPT-6.1 Sol (high)
G226,Routine,2,Y,AI initial: Fragment reports TAF/FHLB repayment and term-borrowing cash flow without enough context for an evaluative reading.,AI:GPT-6.1 Sol (high)
G227,Some Concern,3,,AI initial: Explicitly defines borrowing stigma as a feared negative signal about bank health.,AI:GPT-6.1 Sol (high)
G228,Some Concern,3,,AI initial: Term-funding shortages and fear of detected borrowing undermine banks' willingness to use the window.,AI:GPT-6.1 Sol (high)
G229,Reassuring,1,,"AI initial: Prepared PPPLF access is described as prudent contingency management, with current deposits delaying any need to draw.",AI:GPT-6.1 Sol (high)
G230,Reassuring,1,,AI initial: PPPLF financing is presented as supporting additional lending through beneficial liquidity provision.,AI:GPT-6.1 Sol (high)
G231,Routine,2,,"AI initial: Describes PPPLF rate, matched maturity and repayment mechanics without judging financial condition.",AI:GPT-6.1 Sol (high)
G232,Reassuring,1,,"AI initial: The facility is explicitly for generally sound institutions, offering a favorable interpretation of the disclosed draw.",AI:GPT-6.1 Sol (high)
G233,Routine,2,,"AI initial: TAF balance, collateral and unused borrowing capacity are disclosed neutrally.",AI:GPT-6.1 Sol (high)
G234,Some Concern,3,Y,"AI initial: Weak readiness, monetization difficulty and run-prone deposits impair access; no actual failure is asserted here.",AI:GPT-6.1 Sol (high)
G235,Some Concern,3,Y,AI initial: Crisis-record window borrowing sharply exceeds the previous week; the final sentence is cut off.,AI:GPT-6.1 Sol (high)
G236,Routine,2,,AI initial: Neutral PDCF description and outstanding loan balance.,AI:GPT-6.1 Sol (high)
G237,Reassuring,1,Y,AI initial: PPPLF use accompanies explicitly stable liquidity; the account remains mostly factual.,AI:GPT-6.1 Sol (high)
G238,Reassuring,1,,AI initial: Deferred auction settlement is explicitly interpreted as no immediate funding shortage and reduced stigma.,AI:GPT-6.1 Sol (high)
G239,Reassuring,1,Y,"AI initial: Rare, short-term Fed use meets a temporary loan surge, with no year-end borrowing and additional unused capacity.",AI:GPT-6.1 Sol (high)
G240,Clear Distress,4,,AI initial: An urgent attempt to pledge maximum collateral for SVB is followed by appointment of a receiver.,AI:GPT-6.1 Sol (high)
G241,Clear Distress,4,,AI initial: Borrowing occurs as the industry faces an explicit serious crisis of confidence and liquidity.,AI:GPT-6.1 Sol (high)
G242,Clear Distress,4,,AI initial: Urgent requests for relief from penal lending terms and government intervention accompany rising emergency dependence.,AI:GPT-6.1 Sol (high)
G243,Some Concern,3,Y,AI initial: Borrowing fuels explicit fears of alarming cash burn; this is a reported concern rather than a stated failure.,AI:GPT-6.1 Sol (high)
G244,Routine,2,Y,AI initial: PPPLF balances and alternative capacity are disclosed neutrally; the lower balance allows a mildly reassuring reading.,AI:GPT-6.1 Sol (high)
G245,Routine,2,Y,AI initial: Describes central-bank balance-sheet movements and early repayment without explicitly interpreting borrower condition.,AI:GPT-6.1 Sol (high)
G246,Some Concern,3,Y,AI initial: Access frictions are said to exacerbate banking stress; proposed fixes do not erase the operational concern.,AI:GPT-6.1 Sol (high)
G247,Reassuring,1,Y,"AI initial: Confidential window access is framed as critical to stability and credit supply, with unavailable alternatives as a contingency.",AI:GPT-6.1 Sol (high)
G248,Reassuring,1,,AI initial: BTFP borrowing is explicitly a more favorable-rate choice that offsets rising funding costs.,AI:GPT-6.1 Sol (high)
G249,Some Concern,3,,"AI initial: Borrowers seek secrecy and markets may identify them before delayed disclosure, indicating reputational concern.",AI:GPT-6.1 Sol (high)
G250,Routine,2,Y,"AI initial: Reports margin impact of PPPLF and higher provisions, without clearly linking borrowing to borrower weakness.",AI:GPT-6.1 Sol (high)
G251,Reassuring,1,Y,"AI initial: Explicitly calls weakness inference erroneous and describes TAF borrowers as generally sound, while acknowledging stigma.",AI:GPT-6.1 Sol (high)
G252,Reassuring,1,,AI initial: Policy changes are welcomed and increased borrowing is explicitly praised for supporting household/business credit.,AI:GPT-6.1 Sol (high)
G253,Some Concern,3,,AI initial: Banks have pressing funding needs but are reluctant to borrow during a crisis; no individual failure is stated.,AI:GPT-6.1 Sol (high)
G254,Routine,2,Y,AI initial: Reports window balances and agreements following Fed encouragement; no explicit strength/weakness judgment of the bank.,AI:GPT-6.1 Sol (high)
G255,Reassuring,1,,AI initial: The bank emphasizes it had no need for extensive window support during the crisis.,AI:GPT-6.1 Sol (high)
G256,Reassuring,1,,"AI initial: PPPLF use demonstrated community support and was later unnecessary, enabling full repayment and reduced leverage.",AI:GPT-6.1 Sol (high)
G257,Clear Distress,4,,AI initial: ECB-funded banks are undermined by worsening conditions while supporting a government nearing a debt spiral.,AI:GPT-6.1 Sol (high)
G258,Reassuring,1,Y,AI initial: Planned non-recourse PPPLF funding supports PPP loans; customer-relief requests provide adverse but separate context.,AI:GPT-6.1 Sol (high)
G259,Routine,2,Y,AI initial: Reports PPPLF-related margin effects and customer relief without interpreting central-bank borrowing as financial trouble.,AI:GPT-6.1 Sol (high)
G260,Routine,2,,AI initial: Neutral forecast of TLTRO participation alongside other policy programs; no evaluation of borrowers' health.,AI:GPT-6.1 Sol (high)
G261,Some Concern,3,Y,AI initial: Program stigma and debt-market freezes are discussed with LTRO as an example; the link is general rather than bank-specific.,AI:GPT-6.1 Sol (high)
G262,Clear Distress,4,,AI initial: Exceptionally high ELA dependence and doubts about banking-system viability are stated amid high risks and deep recession.,AI:GPT-6.1 Sol (high)
G263,Routine,2,,"AI initial: Reports eligibility, balance, rate, maturity and available capacity without evaluative framing.",AI:GPT-6.1 Sol (high)
G264,Reassuring,1,Y,AI initial: TAF is presented as supplying needed term funds to sound institutions and alleviating market strains.,AI:GPT-6.1 Sol (high)
G265,Reassuring,1,Y,AI initial: Quoted interpretation explicitly calls support reassuring and problems temporary; market-funding difficulties make it mixed.,AI:GPT-6.1 Sol (high)
G266,Reassuring,1,,AI initial: TAF funding is explicitly described as enhancing the bank's liquidity; the opening is a fragment.,AI:GPT-6.1 Sol (high)
G267,Clear Distress,4,,AI initial: Bank runs and collapses prompt heavy discount-window demand amid major banking stress.,AI:GPT-6.1 Sol (high)
G268,Some Concern,3,,"AI initial: ECB borrowing can constrain access to private funding, making early repayment a mitigation of that risk.",AI:GPT-6.1 Sol (high)
G269,Reassuring,1,,"AI initial: PPPLF is presented as preserving other funding capacity with non-recourse, full-value collateral and capital benefits.",AI:GPT-6.1 Sol (high)
G270,Routine,2,,"AI initial: Reports window collateral, advance rate, capacity and utilization factually.",AI:GPT-6.1 Sol (high)
G271,Reassuring,1,Y,AI initial: Planned PPPLF use meets strong customer PPP demand; credit-risk monitoring adds context without implying borrower distress.,AI:GPT-6.1 Sol (high)
G272,Routine,2,Y,AI initial: Describes coordinated TAF provision and expanding participation without an explicit health assessment.,AI:GPT-6.1 Sol (high)
G273,Some Concern,3,,AI initial: Frozen credit markets and banks shunning emergency lending motivate facility reform.,AI:GPT-6.1 Sol (high)
G274,Reassuring,1,,AI initial: Increased available capacity and optimized collateral resources frame BTFP borrowing within proactive liquidity management.,AI:GPT-6.1 Sol (high)
G275,Some Concern,3,Y,"AI initial: Taxpayer subsidy and uncertain future bank defaults create concern, though no present financial weakness is asserted.",AI:GPT-6.1 Sol (high)
G276,Not Applicable,N,,"AI initial: Despite Primary/Secondary Credit headings, the passage describes corporate-bond purchases, not banks borrowing from a central bank.",AI:GPT-6.1 Sol (high)
G277,Reassuring,1,Y,"AI initial: Window borrowing has fallen dramatically from its crisis peak, and another support program was repaid.",AI:GPT-6.1 Sol (high)
G278,Routine,2,Y,"AI initial: PPPLF collateral, borrowed amount and rate are reported neutrally; practice examples could support reassuring.",AI:GPT-6.1 Sol (high)
