scenario,bank_type,policy,survival_strict,survival_grace_upper_bound
S1,svb_like,A,0.00714286,0.979271
S1,svb_like,B,0.716357,0.923857
S1,svb_like,E,0.716357,0.923857
S1,svb_like,C,0.00428571,0.987286
S1,svb_like,C_prime,0.00264286,0.979643
S1,diversified_regional,A,0.967757,1
S1,diversified_regional,B,1,1
S1,diversified_regional,E,1,1
S1,diversified_regional,C,0.975343,1
S1,diversified_regional,C_prime,0.967757,1
S1,regional_cat3,A,0.9512,0.999929
S1,regional_cat3,B,1,1
S1,regional_cat3,E,1,1
S1,regional_cat3,C,0.978929,1
S1,regional_cat3,C_prime,0.696543,1
S1,gsib,A,0.9974,1
S1,gsib,B,1,1
S1,gsib,E,1,1
S1,gsib,C,0.998,1
S1,gsib,C_prime,0.933571,1
S2,svb_like,A,0.0147857,0.964871
S2,svb_like,B,0.812557,0.903829
S2,svb_like,E,0.812557,0.903829
S2,svb_like,C,0.0176429,0.978
S2,svb_like,C_prime,0.00535714,0.9609
S2,diversified_regional,A,0.999243,1
S2,diversified_regional,B,1,1
S2,diversified_regional,E,1,1
S2,diversified_regional,C,0.9995,1
S2,diversified_regional,C_prime,0.999243,1
S2,regional_cat3,A,0.999029,1
S2,regional_cat3,B,1,1
S2,regional_cat3,E,1,1
S2,regional_cat3,C,0.9995,1
S2,regional_cat3,C_prime,0.959943,1
S2,gsib,A,1,1
S2,gsib,B,1,1
S2,gsib,E,1,1
S2,gsib,C,1,1
S2,gsib,C_prime,0.997786,1
