comparison,scenario,bank_type,scored: X leads,scored: Y leads,scored: tie,scored: trade-off,diagnostic: X leads,diagnostic: Y leads,diagnostic: tie,diagnostic: trade-off
B_vs_A,S1,svb_like,35,0,0,0,0,35,0,0
C_vs_A,S1,svb_like,0,20,15,0,35,0,0,0
B_vs_A,S1,diversified_regional,35,0,0,0,0,0,35,0
C_vs_A,S1,diversified_regional,26,0,9,0,0,0,35,0
B_vs_A,S1,regional_cat3,35,0,0,0,0,0,35,0
C_vs_A,S1,regional_cat3,35,0,0,0,0,0,35,0
B_vs_A,S1,gsib,20,0,15,0,0,0,35,0
C_vs_A,S1,gsib,0,0,35,0,0,0,35,0
B_vs_A,S2,svb_like,35,0,0,0,0,35,0,0
C_vs_A,S2,svb_like,0,0,35,0,35,0,0,0
B_vs_A,S2,diversified_regional,6,0,29,0,0,0,35,0
C_vs_A,S2,diversified_regional,0,0,35,0,0,0,35,0
B_vs_A,S2,regional_cat3,15,0,20,0,0,0,35,0
C_vs_A,S2,regional_cat3,1,0,34,0,0,0,35,0
B_vs_A,S2,gsib,0,0,35,0,0,0,35,0
C_vs_A,S2,gsib,0,0,35,0,0,0,35,0
