key,p_yes,model
0087cdebeb20b72d231d0a5b2016488e66c1fb0114ebe541896d8fb55cf80b47,0.910000,jev-1.13.0
04ed9d06cf63ba03e55ab56eb35191222f5c182d79254b602ddee187c2d48383,0.960000,jev-1.13.0
0b7fc006886732c4144cda4790306305712e0747ee08859682a5c445087c6ea6,0.890000,jev-1.13.0
10238bfd8ad2c5daf6bb4642312ca2402fa9814e9db6230fb12e39990f24579d,0.960000,jev-1.13.0
22b043da124466052a8fcf502fd5af55f59787f94b4cd9f8a5d02881b6ac58a3,0.710000,jev-1.13.0
27edf3a00978b5b9199ea7458ac511822ebf3776179aa7a23a39a63db0ca96e6,0.950000,jev-1.13.0
2bbbf377139ede58f0b54c85e5e280f07ed74847dbc2c78dd6d29d2b513b02c4,0.970000,jev-1.13.0
33f20687d534d5a2b5d1818243761f979fff477b6d4e1d22914e8c4f041d3c7b,0.840000,jev-1.13.0
34dcbd3ac264f9874cf8f5a7b9431615e406746d94db6e56e97e6dc530587eb1,0.910000,jev-1.13.0
3d5c35a7ab69f3ecbd3413b223849932c61132658cc150f2a468a0abffbaabc6,0.870000,jev-1.13.0
51a211ab6c3605fcd451026792a06c9dcd38412514653bf3c6e2a1d4196acba1,0.900000,jev-1.13.0
54ae10bcb1f71bc4ea52b108e84f71341f2c192164d9482c657652b5fabed97c,0.350000,jev-1.13.0
59505a446a09dccb999ed5708302553995bbc408c1221a6e756471dbae7b353d,0.900000,jev-1.13.0
5bf88341f30550b7596c17044927cf959feac8d1c4a45623269e7516db6b840a,0.890000,jev-1.13.0
62c198e6658faeb46a4935f6927f227069bf13262dbfa34b1b8ab6e9c050bee6,0.850000,jev-1.13.0
6c6214b77b1ae5dabc9c1ed7cf78782996dd614cbf8a6d21f6281482daf42ff4,0.880000,jev-1.13.0
6c9646c6ef795c81809a8671e4487cf412eb7327bac31bbd356d726ff16d57cb,0.960000,jev-1.13.0
70a4f0b4be3f7c53fd22d96d3458dd6f004cbb4760c943771be95ea8a1e4afdc,0.940000,jev-1.13.0
762c51b80dbafe8ab3baf36318fd31742c80716e83d9093abbe6f935cdbe9919,0.960000,jev-1.13.0
8b15263a55866dc005c9c2197d002f8299915ce182a3a850b2711bdbbc5a5744,0.730000,jev-1.13.0
8c128d1c953ebf158987d6127014f3e9d42c2c162f562be24d18a5482da70eb0,0.890000,jev-1.13.0
8d78918c1f2c641714912ffd16d67704e3a2f8c626a05efec91c8a2ce7c06d38,0.940000,jev-1.13.0
969b7bf87bd1cf0a4d5224b19e6e19e7e62edd07090c395b037f05c831159afd,0.970000,jev-1.13.0
96c170e675dd7c3543179593fe27427cda7dc6e794dbee916ee1af28a0d919df,0.930000,jev-1.13.0
a353583f42ed8ba4459df63393320f3304dfbaf4b451cf86abb17b6c3f64c8b4,0.910000,jev-1.13.0
b8a5d65eafe8b01c1423680dca7a7fd01501dc96715bd3b13f876960d452881e,0.890000,jev-1.13.0
bd15d8ae6a7acb8c2a38bdb7afbbd8ef3ee4b0d91c5ed7ac78d51dd26f83c35e,0.940000,jev-1.13.0
bec8a7f6de482394d6e9e7385d6b78ca080470e23a43077c5f17d7ba8a9e9d57,0.960000,jev-1.13.0
bfedd01c3856704415d2dca0778106ddb88c5811f49f974a57799b237005f0d4,0.730000,jev-1.13.0
c0577292b8f7f16208db292628ae0cbc243259caa5306042327216964ea7d3b5,0.770000,jev-1.13.0
c161674337e623a64bc95189655c184e8b9c3f8c3542461aec38c86429588649,0.340000,jev-1.13.0
c5be5995ca22aa19aa0467937662623da3fd8f1131ad30cb44ade240801609dd,0.750000,jev-1.13.0
ca1d7da766b34ccbdd7110e9bde634e66499d5e8f1f8ac881912ced60f21cf23,0.640000,jev-1.13.0
cd9bc81d245b1a921bfe85c861d3bb15cd1906d7378056c30474d745c79888d4,0.910000,jev-1.13.0
d17f9e6172d05e42473dfced34b6d3c66deb1d1aaa284e280016f35cd065ab09,0.960000,jev-1.13.0
daf20394b689b6c232d09237541578629e742ff6200d47c9b6fc56ac1927d8c3,0.760000,jev-1.13.0
e4a5016983f47aaeb2d54d07b50083b0d20e2ee8e0f34ace081d7d674b6e28b3,0.790000,jev-1.13.0
eba0071df3bc9ed1d725cad7c39eb331c613f82f88b513e04011dd5f3769c68e,0.880000,jev-1.13.0
f52766e9c8eb99c4f2e25f52dc6d1f49a0fe2a9b35b503982f73c05e3ef6b3bf,0.700000,jev-1.13.0
fb142f9480d7dac0ef45d35803343e7fa787f7429a7d7459b5da95aec7930eee,0.700000,jev-1.13.0
fc02dd244814f1b5b193e7d9f14f2a7ff87fe71b145653d734ec329a31fe759e,0.970000,jev-1.13.0
