feature,scenario,bank_type,outcome,contribution,lo,hi
prepositioning_mandate,S1,svb_like,survival_rate,0.1455,0.140996,0.150004
testing_mandate,S1,svb_like,survival_rate,0.337694,0.327022,0.348367
five_day_ratio,S1,svb_like,survival_rate,0.1455,0.140996,0.150004
lcr_credit,S1,svb_like,survival_rate,0.0409722,0.0346457,0.0472987
prepositioning_mandate,S1,svb_like,liquidity_shortfall_bn,0,0,0
testing_mandate,S1,svb_like,liquidity_shortfall_bn,0,0,0
five_day_ratio,S1,svb_like,liquidity_shortfall_bn,0,0,0
lcr_credit,S1,svb_like,liquidity_shortfall_bn,0,0,0
prepositioning_mandate,S1,diversified_regional,survival_rate,0.000180556,-3.55971e-06,0.000364671
testing_mandate,S1,diversified_regional,survival_rate,0.0259583,0.0205399,0.0313767
five_day_ratio,S1,diversified_regional,survival_rate,0.000180556,-3.55971e-06,0.000364671
lcr_credit,S1,diversified_regional,survival_rate,0.00306944,0.00211279,0.0040261
prepositioning_mandate,S1,diversified_regional,liquidity_shortfall_bn,0,0,0
testing_mandate,S1,diversified_regional,liquidity_shortfall_bn,0,0,0
five_day_ratio,S1,diversified_regional,liquidity_shortfall_bn,0,0,0
lcr_credit,S1,diversified_regional,liquidity_shortfall_bn,0,0,0
prepositioning_mandate,S1,regional_cat3,survival_rate,0.001875,0.00128798,0.00246202
testing_mandate,S1,regional_cat3,survival_rate,0.0242639,0.0199446,0.0285832
five_day_ratio,S1,regional_cat3,survival_rate,0.001875,0.00128798,0.00246202
lcr_credit,S1,regional_cat3,survival_rate,0.0129306,0.0104445,0.0154166
prepositioning_mandate,S1,regional_cat3,liquidity_shortfall_bn,0,0,0
testing_mandate,S1,regional_cat3,liquidity_shortfall_bn,0,0,0
five_day_ratio,S1,regional_cat3,liquidity_shortfall_bn,0,0,0
lcr_credit,S1,regional_cat3,liquidity_shortfall_bn,0,0,0
prepositioning_mandate,S1,gsib,survival_rate,0.000222222,3.95928e-05,0.000404852
testing_mandate,S1,gsib,survival_rate,0.00125,0.000489366,0.00201063
five_day_ratio,S1,gsib,survival_rate,0.000222222,3.95928e-05,0.000404852
lcr_credit,S1,gsib,survival_rate,0.000694444,-1.31237e-05,0.00140201
prepositioning_mandate,S1,gsib,liquidity_shortfall_bn,0,0,0
testing_mandate,S1,gsib,liquidity_shortfall_bn,0,0,0
five_day_ratio,S1,gsib,liquidity_shortfall_bn,0,0,0
lcr_credit,S1,gsib,liquidity_shortfall_bn,0,0,0
prepositioning_mandate,S2,svb_like,survival_rate,0.142333,0.137949,0.146718
testing_mandate,S2,svb_like,survival_rate,0.384944,0.373656,0.396233
five_day_ratio,S2,svb_like,survival_rate,0.142333,0.137949,0.146718
lcr_credit,S2,svb_like,survival_rate,0.0177222,0.0101616,0.0252828
prepositioning_mandate,S2,svb_like,liquidity_shortfall_bn,0,0,0
testing_mandate,S2,svb_like,liquidity_shortfall_bn,0,0,0
five_day_ratio,S2,svb_like,liquidity_shortfall_bn,0,0,0
lcr_credit,S2,svb_like,liquidity_shortfall_bn,0,0,0
prepositioning_mandate,S2,diversified_regional,survival_rate,0,0,0
testing_mandate,S2,diversified_regional,survival_rate,0.000583333,-0.000250394,0.00141706
five_day_ratio,S2,diversified_regional,survival_rate,0,0,0
lcr_credit,S2,diversified_regional,survival_rate,8.33333e-05,-5.37417e-05,0.000220408
prepositioning_mandate,S2,diversified_regional,liquidity_shortfall_bn,0,0,0
testing_mandate,S2,diversified_regional,liquidity_shortfall_bn,0,0,0
five_day_ratio,S2,diversified_regional,liquidity_shortfall_bn,0,0,0
lcr_credit,S2,diversified_regional,liquidity_shortfall_bn,0,0,0
prepositioning_mandate,S2,regional_cat3,survival_rate,5.55556e-05,-1.66785e-05,0.00012779
testing_mandate,S2,regional_cat3,survival_rate,0.00075,7.65412e-05,0.00142346
five_day_ratio,S2,regional_cat3,survival_rate,5.55556e-05,-1.66785e-05,0.00012779
lcr_credit,S2,regional_cat3,survival_rate,0.000583333,5.17619e-05,0.0011149
prepositioning_mandate,S2,regional_cat3,liquidity_shortfall_bn,0,0,0
testing_mandate,S2,regional_cat3,liquidity_shortfall_bn,0,0,0
five_day_ratio,S2,regional_cat3,liquidity_shortfall_bn,0,0,0
lcr_credit,S2,regional_cat3,liquidity_shortfall_bn,0,0,0
prepositioning_mandate,S2,gsib,survival_rate,0,0,0
testing_mandate,S2,gsib,survival_rate,0,0,0
five_day_ratio,S2,gsib,survival_rate,0,0,0
lcr_credit,S2,gsib,survival_rate,0,0,0
prepositioning_mandate,S2,gsib,liquidity_shortfall_bn,0,0,0
testing_mandate,S2,gsib,liquidity_shortfall_bn,0,0,0
five_day_ratio,S2,gsib,liquidity_shortfall_bn,0,0,0
lcr_credit,S2,gsib,liquidity_shortfall_bn,0,0,0
