policy,scenario,bank_type,cost_m,cost_lo,cost_hi,survival,survival_lo,survival_hi,shortfall_bn,shortfall_lo,shortfall_hi
A,S1,svb_like,0,0,0,0.00714286,0.00414892,0.0101368,0,0,0
A,S1,diversified_regional,0,0,0,0.967757,0.96236,0.973154,0,0,0
A,S1,regional_cat3,0,0,0,0.9512,0.944828,0.957572,0,0,0
A,S1,gsib,0,0,0,0.9974,0.996093,0.998707,0,0,0
A,S2,svb_like,0,0,0,0.0147857,0.0104365,0.019135,0,0,0
A,S2,diversified_regional,0,0,0,0.999243,0.998443,1.00004,0,0,0
A,S2,regional_cat3,0,0,0,0.999029,0.998219,0.999838,0,0,0
A,S2,gsib,0,0,0,1,1,1,0,0,0
B,S1,svb_like,7.65315,6.26473,9.04156,0.716357,0.700911,0.731803,0,0,0
B,S1,diversified_regional,1.54552,1.03318,2.05785,1,1,1,0,0,0
B,S1,regional_cat3,5.70982,3.83143,7.58822,1,1,1,0,0,0
B,S1,gsib,19.6023,14.3725,24.832,1,1,1,0,0,0
B,S2,svb_like,7.65315,6.26473,9.04156,0.812557,0.799178,0.825936,0,0,0
B,S2,diversified_regional,1.54552,1.03318,2.05785,1,1,1,0,0,0
B,S2,regional_cat3,5.70982,3.83143,7.58822,1,1,1,0,0,0
B,S2,gsib,19.6023,14.3725,24.832,1,1,1,0,0,0
B_prime,S1,svb_like,393.171,270.065,516.276,0.956043,0.94853,0.963556,0,0,0
B_prime,S1,diversified_regional,13.9052,9.29419,18.5162,1,1,1,0,0,0
B_prime,S1,regional_cat3,52.512,34.4467,70.5774,1,1,1,0,0,0
B_prime,S1,gsib,180.34,131.279,229.401,1,1,1,0,0,0
B_prime,S2,svb_like,393.171,270.065,516.276,0.920657,0.910801,0.930513,0,0,0
B_prime,S2,diversified_regional,13.9052,9.29419,18.5162,1,1,1,0,0,0
B_prime,S2,regional_cat3,52.512,34.4467,70.5774,1,1,1,0,0,0
B_prime,S2,gsib,180.34,131.279,229.401,1,1,1,0,0,0
C,S1,svb_like,-95.6173,-152.196,-39.0383,0.00428571,0.00191712,0.00665431,0,0,0
C,S1,diversified_regional,0,0,0,0.975343,0.970212,0.980474,0,0,0
C,S1,regional_cat3,-414.744,-559.027,-270.46,0.978929,0.97447,0.983387,0,0,0
C,S1,gsib,-1613,-2142.21,-1083.8,0.998,0.996804,0.999196,0,0,0
C,S2,svb_like,-95.6173,-152.196,-39.0383,0.0176429,0.0128742,0.0224116,0,0,0
C,S2,diversified_regional,0,0,0,0.9995,0.998785,1.00021,0,0,0
C,S2,regional_cat3,-414.744,-559.027,-270.46,0.9995,0.998913,1.00009,0,0,0
C,S2,gsib,-1613,-2142.21,-1083.8,1,1,1,0,0,0
C_prime,S1,svb_like,-95.6194,-152.2,-39.0392,0.00264286,0.000821014,0.0044647,0,0,0
C_prime,S1,diversified_regional,0,0,0,0.967757,0.96236,0.973154,0,0,0
C_prime,S1,regional_cat3,-414.753,-559.04,-270.466,0.696543,0.680218,0.712867,0,0,0
C_prime,S1,gsib,-1613.04,-2142.26,-1083.82,0.933571,0.924873,0.942269,0,0,0
C_prime,S2,svb_like,-95.6194,-152.2,-39.0392,0.00535714,0.00274988,0.00796441,0,0,0
C_prime,S2,diversified_regional,0,0,0,0.999243,0.998443,1.00004,0,0,0
C_prime,S2,regional_cat3,-414.753,-559.04,-270.466,0.959943,0.953192,0.966694,0,0,0
C_prime,S2,gsib,-1613.04,-2142.26,-1083.82,0.997786,0.996129,0.999443,0,0,0
E,S1,svb_like,7.65315,6.26473,9.04156,0.716357,0.700911,0.731803,0,0,0
E,S1,diversified_regional,1.54552,1.03318,2.05785,1,1,1,0,0,0
E,S1,regional_cat3,5.70982,3.83143,7.58822,1,1,1,0,0,0
E,S1,gsib,19.6023,14.3725,24.832,1,1,1,0,0,0
E,S2,svb_like,7.65315,6.26473,9.04156,0.812557,0.799178,0.825936,0,0,0
E,S2,diversified_regional,1.54552,1.03318,2.05785,1,1,1,0,0,0
E,S2,regional_cat3,5.70982,3.83143,7.58822,1,1,1,0,0,0
E,S2,gsib,19.6023,14.3725,24.832,1,1,1,0,0,0
