policy,scenario,bank_type,uptake,hqla_released,run,survival_diff,survival_lo,survival_hi,cost_m
C,S1,svb_like,0.5,0.0,false,,,,
C,S1,svb_like,0.5,0.5,false,,,,
C,S1,svb_like,0.5,1.0,true,-0.000333333,-0.0012004,0.000533735,-64.4841
C,S1,svb_like,0.75,0.0,true,0.0703333,0.0609578,0.0797089,1.08948
C,S1,svb_like,0.75,0.5,true,0.0163333,0.0109935,0.0216732,-47.2639
C,S1,svb_like,0.75,1.0,true,-0.003,-0.00587391,-0.00012609,-95.6173
C,S1,svb_like,1.0,0.0,false,,,,
C,S1,svb_like,1.0,0.5,false,,,,
C,S1,svb_like,1.0,1.0,true,-0.00533333,-0.00883956,-0.00182711,-203.179
C,S1,diversified_regional,0.5,0.0,false,,,,
C,S1,diversified_regional,0.5,0.5,false,,,,
C,S1,diversified_regional,0.5,1.0,true,0.00405556,0.00261512,0.00549599,0
C,S1,diversified_regional,0.75,0.0,true,0.00605556,0.00415778,0.00795333,0
C,S1,diversified_regional,0.75,0.5,true,0.00605556,0.00415778,0.00795333,0
C,S1,diversified_regional,0.75,1.0,true,0.00605556,0.00415778,0.00795333,0
C,S1,diversified_regional,1.0,0.0,false,,,,
C,S1,diversified_regional,1.0,0.5,false,,,,
C,S1,diversified_regional,1.0,1.0,true,0.00722222,0.00508725,0.0093572,0
C,S1,regional_cat3,0.5,0.0,false,,,,
C,S1,regional_cat3,0.5,0.5,false,,,,
C,S1,regional_cat3,0.5,1.0,true,0.0119444,0.00903106,0.0148578,-169.481
C,S1,regional_cat3,0.75,0.0,true,0.0321111,0.0262008,0.0380215,0.00921673
C,S1,regional_cat3,0.75,0.5,true,0.0287778,0.0232647,0.0342909,-207.367
C,S1,regional_cat3,0.75,1.0,true,0.0217778,0.0171034,0.0264522,-414.744
C,S1,regional_cat3,1.0,0.0,false,,,,
C,S1,regional_cat3,1.0,0.5,false,,,,
C,S1,regional_cat3,1.0,1.0,true,0.0304444,0.0246462,0.0362427,-510.111
C,S1,gsib,0.5,0.0,false,,,,
C,S1,gsib,0.5,0.5,false,,,,
C,S1,gsib,0.5,1.0,true,0.00188889,0.000611091,0.00316669,-711.243
C,S1,gsib,0.75,0.0,true,0.00238889,0.000870128,0.00390765,4.51306
C,S1,gsib,0.75,0.5,true,0.00188889,0.000250136,0.00352764,-804.245
C,S1,gsib,0.75,1.0,true,0.000722222,-0.000847506,0.00229195,-1613
C,S1,gsib,1.0,0.0,false,,,,
C,S1,gsib,1.0,0.5,false,,,,
C,S1,gsib,1.0,1.0,true,0.00122222,-0.000222337,0.00266678,-1934.96
C,S2,svb_like,0.5,0.0,false,,,,
C,S2,svb_like,0.5,0.5,false,,,,
C,S2,svb_like,0.5,1.0,true,-0.0055,-0.00890799,-0.00209201,-64.4841
C,S2,svb_like,0.75,0.0,true,0.0753333,0.0656933,0.0849734,1.08948
C,S2,svb_like,0.75,0.5,true,0.03,0.0228084,0.0371916,-47.2639
C,S2,svb_like,0.75,1.0,true,0.003,-0.00234436,0.00834436,-95.6173
C,S2,svb_like,1.0,0.0,false,,,,
C,S2,svb_like,1.0,0.5,false,,,,
C,S2,svb_like,1.0,1.0,true,0.00516667,-0.00148572,0.0118191,-203.179
C,S2,diversified_regional,0.5,0.0,false,,,,
C,S2,diversified_regional,0.5,0.5,false,,,,
C,S2,diversified_regional,0.5,1.0,true,0.000166667,-0.000107483,0.000440817,0
C,S2,diversified_regional,0.75,0.0,true,0.000166667,-0.000107483,0.000440817,0
C,S2,diversified_regional,0.75,0.5,true,0.000166667,-0.000107483,0.000440817,0
C,S2,diversified_regional,0.75,1.0,true,0.000166667,-0.000107483,0.000440817,0
C,S2,diversified_regional,1.0,0.0,false,,,,
C,S2,diversified_regional,1.0,0.5,false,,,,
C,S2,diversified_regional,1.0,1.0,true,0.000166667,-0.000107483,0.000440817,0
C,S2,regional_cat3,0.5,0.0,false,,,,
C,S2,regional_cat3,0.5,0.5,false,,,,
C,S2,regional_cat3,0.5,1.0,true,0.000611111,0.00010268,0.00111954,-169.481
C,S2,regional_cat3,0.75,0.0,true,0.00144444,0.000146406,0.00274248,0.00921673
C,S2,regional_cat3,0.75,0.5,true,0.00111111,6.97222e-05,0.0021525,-207.367
C,S2,regional_cat3,0.75,1.0,true,0.000944444,1.74239e-05,0.00187146,-414.744
C,S2,regional_cat3,1.0,0.0,false,,,,
C,S2,regional_cat3,1.0,0.5,false,,,,
C,S2,regional_cat3,1.0,1.0,true,0.000777778,-0.000632078,0.00218763,-510.111
C,S2,gsib,0.5,0.0,false,,,,
C,S2,gsib,0.5,0.5,false,,,,
C,S2,gsib,0.5,1.0,true,0,0,0,-711.243
C,S2,gsib,0.75,0.0,true,0,0,0,4.51306
C,S2,gsib,0.75,0.5,true,0,0,0,-804.245
C,S2,gsib,0.75,1.0,true,0,0,0,-1613
C,S2,gsib,1.0,0.0,false,,,,
C,S2,gsib,1.0,0.5,false,,,,
C,S2,gsib,1.0,1.0,true,0,0,0,-1934.96
C_prime,S1,svb_like,0.5,0.0,false,,,,
C_prime,S1,svb_like,0.5,0.5,false,,,,
C_prime,S1,svb_like,0.5,1.0,true,-0.0005,-0.00132245,0.00032245,-64.4855
C_prime,S1,svb_like,0.75,0.0,true,0.0025,0.000662787,0.00433721,1.08733
C_prime,S1,svb_like,0.75,0.5,true,-0.00266667,-0.00452392,-0.000809415,-47.266
C_prime,S1,svb_like,0.75,1.0,true,-0.00466667,-0.00714388,-0.00218945,-95.6194
C_prime,S1,svb_like,1.0,0.0,false,,,,
C_prime,S1,svb_like,1.0,0.5,false,,,,
C_prime,S1,svb_like,1.0,1.0,true,-0.00733333,-0.010424,-0.00424266,-203.183
C_prime,S1,diversified_regional,0.5,0.0,false,,,,
C_prime,S1,diversified_regional,0.5,0.5,false,,,,
C_prime,S1,diversified_regional,0.5,1.0,true,0,0,0,0
C_prime,S1,diversified_regional,0.75,0.0,true,0,0,0,0
C_prime,S1,diversified_regional,0.75,0.5,true,0,0,0,0
C_prime,S1,diversified_regional,0.75,1.0,true,0,0,0,0
C_prime,S1,diversified_regional,1.0,0.0,false,,,,
C_prime,S1,diversified_regional,1.0,0.5,false,,,,
C_prime,S1,diversified_regional,1.0,1.0,true,0,0,0,0
C_prime,S1,regional_cat3,0.5,0.0,false,,,,
C_prime,S1,regional_cat3,0.5,0.5,false,,,,
C_prime,S1,regional_cat3,0.5,1.0,true,-0.0788889,-0.0885968,-0.069181,-169.485
C_prime,S1,regional_cat3,0.75,0.0,true,0,0,0,0
C_prime,S1,regional_cat3,0.75,0.5,true,-0.0788333,-0.0884176,-0.0692491,-207.376
C_prime,S1,regional_cat3,0.75,1.0,true,-0.256889,-0.27265,-0.241127,-414.753
C_prime,S1,regional_cat3,1.0,0.0,false,,,,
C_prime,S1,regional_cat3,1.0,0.5,false,,,,
C_prime,S1,regional_cat3,1.0,1.0,true,-0.319556,-0.336361,-0.30275,-510.122
C_prime,S1,gsib,0.5,0.0,false,,,,
C_prime,S1,gsib,0.5,0.5,false,,,,
C_prime,S1,gsib,0.5,1.0,true,-0.046,-0.0536559,-0.0383441,-711.259
C_prime,S1,gsib,0.75,0.0,true,0,0,0,4.47711
C_prime,S1,gsib,0.75,0.5,true,-0.00677778,-0.00954205,-0.0040135,-804.281
C_prime,S1,gsib,0.75,1.0,true,-0.0624444,-0.0712072,-0.0536817,-1613.04
C_prime,S1,gsib,1.0,0.0,false,,,,
C_prime,S1,gsib,1.0,0.5,false,,,,
C_prime,S1,gsib,1.0,1.0,true,-0.0666667,-0.0756942,-0.0576392,-1935.01
C_prime,S2,svb_like,0.5,0.0,false,,,,
C_prime,S2,svb_like,0.5,0.5,false,,,,
C_prime,S2,svb_like,0.5,1.0,true,-0.00716667,-0.0102457,-0.00408765,-64.4855
C_prime,S2,svb_like,0.75,0.0,true,0.001,-0.000162829,0.00216283,1.08733
C_prime,S2,svb_like,0.75,0.5,true,-0.00466667,-0.00714388,-0.00218945,-47.266
C_prime,S2,svb_like,0.75,1.0,true,-0.00916667,-0.0126514,-0.00568196,-95.6194
C_prime,S2,svb_like,1.0,0.0,false,,,,
C_prime,S2,svb_like,1.0,0.5,false,,,,
C_prime,S2,svb_like,1.0,1.0,true,-0.014,-0.0182876,-0.00971243,-203.183
C_prime,S2,diversified_regional,0.5,0.0,false,,,,
C_prime,S2,diversified_regional,0.5,0.5,false,,,,
C_prime,S2,diversified_regional,0.5,1.0,true,0,0,0,0
C_prime,S2,diversified_regional,0.75,0.0,true,0,0,0,0
C_prime,S2,diversified_regional,0.75,0.5,true,0,0,0,0
C_prime,S2,diversified_regional,0.75,1.0,true,0,0,0,0
C_prime,S2,diversified_regional,1.0,0.0,false,,,,
C_prime,S2,diversified_regional,1.0,0.5,false,,,,
C_prime,S2,diversified_regional,1.0,1.0,true,0,0,0,0
C_prime,S2,regional_cat3,0.5,0.0,false,,,,
C_prime,S2,regional_cat3,0.5,0.5,false,,,,
C_prime,S2,regional_cat3,0.5,1.0,true,-0.0045,-0.00673846,-0.00226154,-169.485
C_prime,S2,regional_cat3,0.75,0.0,true,0,0,0,0
C_prime,S2,regional_cat3,0.75,0.5,true,-0.00461111,-0.00687893,-0.00234329,-207.376
C_prime,S2,regional_cat3,0.75,1.0,true,-0.039,-0.0458461,-0.0321539,-414.753
C_prime,S2,regional_cat3,1.0,0.0,false,,,,
C_prime,S2,regional_cat3,1.0,0.5,false,,,,
C_prime,S2,regional_cat3,1.0,1.0,true,-0.0543889,-0.0624502,-0.0463276,-510.122
C_prime,S2,gsib,0.5,0.0,false,,,,
C_prime,S2,gsib,0.5,0.5,false,,,,
C_prime,S2,gsib,0.5,1.0,true,-0.002,-0.00364367,-0.000356335,-711.259
C_prime,S2,gsib,0.75,0.0,true,0,0,0,4.47711
C_prime,S2,gsib,0.75,0.5,true,0,0,0,-804.281
C_prime,S2,gsib,0.75,1.0,true,-0.002,-0.00364367,-0.000356335,-1613.04
C_prime,S2,gsib,1.0,0.0,false,,,,
C_prime,S2,gsib,1.0,0.5,false,,,,
C_prime,S2,gsib,1.0,1.0,true,-0.002,-0.00364367,-0.000356335,-1935.01
