comparison,scenario,bank_type,supervision,label_at_marker,down_distance,down_label,up_distance,up_label
B_vs_C,S1,svb_like,strongly_penalizes,x_leads,,,,
B_vs_C,S1,svb_like,penalizes,x_leads,,,,
B_vs_C,S1,svb_like,neutral,x_leads,,,,
B_vs_C,S1,svb_like,encourages,x_leads,,,,
B_vs_C,S1,svb_like,strongly_encourages,x_leads,,,,
B_vs_C,S1,diversified_regional,strongly_penalizes,x_leads,,,,
B_vs_C,S1,diversified_regional,penalizes,x_leads,,,,
B_vs_C,S1,diversified_regional,neutral,x_leads,,,,
B_vs_C,S1,diversified_regional,encourages,x_leads,,,,
B_vs_C,S1,diversified_regional,strongly_encourages,x_leads,,,,
B_vs_C,S1,regional_cat3,strongly_penalizes,x_leads,,,,
B_vs_C,S1,regional_cat3,penalizes,x_leads,,,,
B_vs_C,S1,regional_cat3,neutral,x_leads,,,,
B_vs_C,S1,regional_cat3,encourages,x_leads,,,,
B_vs_C,S1,regional_cat3,strongly_encourages,x_leads,,,,
B_vs_C,S1,gsib,strongly_penalizes,x_leads,0.58,tie,,
B_vs_C,S1,gsib,penalizes,x_leads,0.58,tie,,
B_vs_C,S1,gsib,neutral,x_leads,0.58,tie,,
B_vs_C,S1,gsib,encourages,x_leads,0.58,tie,,
B_vs_C,S1,gsib,strongly_encourages,x_leads,0.58,tie,,
B_vs_C,S2,svb_like,strongly_penalizes,x_leads,,,,
B_vs_C,S2,svb_like,penalizes,x_leads,,,,
B_vs_C,S2,svb_like,neutral,x_leads,,,,
B_vs_C,S2,svb_like,encourages,x_leads,,,,
B_vs_C,S2,svb_like,strongly_encourages,x_leads,,,,
B_vs_C,S2,diversified_regional,strongly_penalizes,tie,,,,
B_vs_C,S2,diversified_regional,penalizes,tie,,,,
B_vs_C,S2,diversified_regional,neutral,tie,,,,
B_vs_C,S2,diversified_regional,encourages,tie,,,,
B_vs_C,S2,diversified_regional,strongly_encourages,tie,,,,
B_vs_C,S2,regional_cat3,strongly_penalizes,tie,,,,
B_vs_C,S2,regional_cat3,penalizes,tie,,,,
B_vs_C,S2,regional_cat3,neutral,tie,,,,
B_vs_C,S2,regional_cat3,encourages,tie,,,,
B_vs_C,S2,regional_cat3,strongly_encourages,tie,,,,
B_vs_C,S2,gsib,strongly_penalizes,tie,,,,
B_vs_C,S2,gsib,penalizes,tie,,,,
B_vs_C,S2,gsib,neutral,tie,,,,
B_vs_C,S2,gsib,encourages,tie,,,,
B_vs_C,S2,gsib,strongly_encourages,tie,,,,
B_vs_E,S1,svb_like,strongly_penalizes,tie,,,,
B_vs_E,S1,svb_like,penalizes,tie,,,,
B_vs_E,S1,svb_like,neutral,tie,,,,
B_vs_E,S1,svb_like,encourages,tie,,,,
B_vs_E,S1,svb_like,strongly_encourages,tie,,,,
B_vs_E,S1,diversified_regional,strongly_penalizes,tie,,,,
B_vs_E,S1,diversified_regional,penalizes,tie,,,,
B_vs_E,S1,diversified_regional,neutral,tie,,,,
B_vs_E,S1,diversified_regional,encourages,tie,,,,
B_vs_E,S1,diversified_regional,strongly_encourages,tie,,,,
B_vs_E,S1,regional_cat3,strongly_penalizes,tie,,,,
B_vs_E,S1,regional_cat3,penalizes,tie,,,,
B_vs_E,S1,regional_cat3,neutral,tie,,,,
B_vs_E,S1,regional_cat3,encourages,tie,,,,
B_vs_E,S1,regional_cat3,strongly_encourages,tie,,,,
B_vs_E,S1,gsib,strongly_penalizes,tie,,,,
B_vs_E,S1,gsib,penalizes,tie,,,,
B_vs_E,S1,gsib,neutral,tie,,,,
B_vs_E,S1,gsib,encourages,tie,,,,
B_vs_E,S1,gsib,strongly_encourages,tie,,,,
B_vs_E,S2,svb_like,strongly_penalizes,tie,,,,
B_vs_E,S2,svb_like,penalizes,tie,,,,
B_vs_E,S2,svb_like,neutral,tie,,,,
B_vs_E,S2,svb_like,encourages,tie,,,,
B_vs_E,S2,svb_like,strongly_encourages,tie,,,,
B_vs_E,S2,diversified_regional,strongly_penalizes,tie,,,,
B_vs_E,S2,diversified_regional,penalizes,tie,,,,
B_vs_E,S2,diversified_regional,neutral,tie,,,,
B_vs_E,S2,diversified_regional,encourages,tie,,,,
B_vs_E,S2,diversified_regional,strongly_encourages,tie,,,,
B_vs_E,S2,regional_cat3,strongly_penalizes,tie,,,,
B_vs_E,S2,regional_cat3,penalizes,tie,,,,
B_vs_E,S2,regional_cat3,neutral,tie,,,,
B_vs_E,S2,regional_cat3,encourages,tie,,,,
B_vs_E,S2,regional_cat3,strongly_encourages,tie,,,,
B_vs_E,S2,gsib,strongly_penalizes,tie,,,,
B_vs_E,S2,gsib,penalizes,tie,,,,
B_vs_E,S2,gsib,neutral,tie,,,,
B_vs_E,S2,gsib,encourages,tie,,,,
B_vs_E,S2,gsib,strongly_encourages,tie,,,,
C_vs_A,S1,svb_like,strongly_penalizes,tie,0.28,y_leads,,
C_vs_A,S1,svb_like,penalizes,tie,0.28,y_leads,,
C_vs_A,S1,svb_like,neutral,tie,0.28,y_leads,,
C_vs_A,S1,svb_like,encourages,tie,0.28,y_leads,,
C_vs_A,S1,svb_like,strongly_encourages,tie,0.28,y_leads,,
C_vs_A,S1,diversified_regional,strongly_penalizes,x_leads,,,,
C_vs_A,S1,diversified_regional,penalizes,x_leads,0.58,tie,,
C_vs_A,S1,diversified_regional,neutral,x_leads,0.68,tie,,
C_vs_A,S1,diversified_regional,encourages,x_leads,0.68,tie,,
C_vs_A,S1,diversified_regional,strongly_encourages,x_leads,0.68,tie,,
C_vs_A,S1,regional_cat3,strongly_penalizes,x_leads,,,,
C_vs_A,S1,regional_cat3,penalizes,x_leads,,,,
C_vs_A,S1,regional_cat3,neutral,x_leads,,,,
C_vs_A,S1,regional_cat3,encourages,x_leads,,,,
C_vs_A,S1,regional_cat3,strongly_encourages,x_leads,,,,
C_vs_A,S1,gsib,strongly_penalizes,tie,,,,
C_vs_A,S1,gsib,penalizes,tie,,,,
C_vs_A,S1,gsib,neutral,tie,,,,
C_vs_A,S1,gsib,encourages,tie,,,,
C_vs_A,S1,gsib,strongly_encourages,tie,,,,
C_vs_A,S2,svb_like,strongly_penalizes,tie,,,,
C_vs_A,S2,svb_like,penalizes,tie,,,,
C_vs_A,S2,svb_like,neutral,tie,,,,
C_vs_A,S2,svb_like,encourages,tie,,,,
C_vs_A,S2,svb_like,strongly_encourages,tie,,,,
C_vs_A,S2,diversified_regional,strongly_penalizes,tie,,,,
C_vs_A,S2,diversified_regional,penalizes,tie,,,,
C_vs_A,S2,diversified_regional,neutral,tie,,,,
C_vs_A,S2,diversified_regional,encourages,tie,,,,
C_vs_A,S2,diversified_regional,strongly_encourages,tie,,,,
C_vs_A,S2,regional_cat3,strongly_penalizes,tie,,,,
C_vs_A,S2,regional_cat3,penalizes,tie,,,,
C_vs_A,S2,regional_cat3,neutral,tie,,,,
C_vs_A,S2,regional_cat3,encourages,tie,,,,
C_vs_A,S2,regional_cat3,strongly_encourages,x_leads,0.28,tie,0.12,tie
C_vs_A,S2,gsib,strongly_penalizes,tie,,,,
C_vs_A,S2,gsib,penalizes,tie,,,,
C_vs_A,S2,gsib,neutral,tie,,,,
C_vs_A,S2,gsib,encourages,tie,,,,
C_vs_A,S2,gsib,strongly_encourages,tie,,,,
B_vs_A,S1,svb_like,strongly_penalizes,x_leads,,,,
B_vs_A,S1,svb_like,penalizes,x_leads,,,,
B_vs_A,S1,svb_like,neutral,x_leads,,,,
B_vs_A,S1,svb_like,encourages,x_leads,,,,
B_vs_A,S1,svb_like,strongly_encourages,x_leads,,,,
B_vs_A,S1,diversified_regional,strongly_penalizes,x_leads,,,,
B_vs_A,S1,diversified_regional,penalizes,x_leads,,,,
B_vs_A,S1,diversified_regional,neutral,x_leads,,,,
B_vs_A,S1,diversified_regional,encourages,x_leads,,,,
B_vs_A,S1,diversified_regional,strongly_encourages,x_leads,,,,
B_vs_A,S1,regional_cat3,strongly_penalizes,x_leads,,,,
B_vs_A,S1,regional_cat3,penalizes,x_leads,,,,
B_vs_A,S1,regional_cat3,neutral,x_leads,,,,
B_vs_A,S1,regional_cat3,encourages,x_leads,,,,
B_vs_A,S1,regional_cat3,strongly_encourages,x_leads,,,,
B_vs_A,S1,gsib,strongly_penalizes,x_leads,0.58,tie,,
B_vs_A,S1,gsib,penalizes,x_leads,0.58,tie,,
B_vs_A,S1,gsib,neutral,x_leads,0.58,tie,,
B_vs_A,S1,gsib,encourages,x_leads,0.58,tie,,
B_vs_A,S1,gsib,strongly_encourages,x_leads,0.58,tie,,
B_vs_A,S2,svb_like,strongly_penalizes,x_leads,,,,
B_vs_A,S2,svb_like,penalizes,x_leads,,,,
B_vs_A,S2,svb_like,neutral,x_leads,,,,
B_vs_A,S2,svb_like,encourages,x_leads,,,,
B_vs_A,S2,svb_like,strongly_encourages,x_leads,,,,
B_vs_A,S2,diversified_regional,strongly_penalizes,tie,,,,
B_vs_A,S2,diversified_regional,penalizes,tie,,,,
B_vs_A,S2,diversified_regional,neutral,x_leads,0.28,tie,,
B_vs_A,S2,diversified_regional,encourages,x_leads,0.28,tie,,
B_vs_A,S2,diversified_regional,strongly_encourages,x_leads,0.28,tie,,
B_vs_A,S2,regional_cat3,strongly_penalizes,tie,,,0.12,x_leads
B_vs_A,S2,regional_cat3,penalizes,tie,0.28,x_leads,,
B_vs_A,S2,regional_cat3,neutral,x_leads,0.58,tie,,
B_vs_A,S2,regional_cat3,encourages,x_leads,0.58,tie,,
B_vs_A,S2,regional_cat3,strongly_encourages,x_leads,0.58,tie,,
B_vs_A,S2,gsib,strongly_penalizes,tie,,,,
B_vs_A,S2,gsib,penalizes,tie,,,,
B_vs_A,S2,gsib,neutral,tie,,,,
B_vs_A,S2,gsib,encourages,tie,,,,
B_vs_A,S2,gsib,strongly_encourages,tie,,,,
E_vs_A,S1,svb_like,strongly_penalizes,x_leads,,,,
E_vs_A,S1,svb_like,penalizes,x_leads,,,,
E_vs_A,S1,svb_like,neutral,x_leads,,,,
E_vs_A,S1,svb_like,encourages,x_leads,,,,
E_vs_A,S1,svb_like,strongly_encourages,x_leads,,,,
E_vs_A,S1,diversified_regional,strongly_penalizes,x_leads,,,,
E_vs_A,S1,diversified_regional,penalizes,x_leads,,,,
E_vs_A,S1,diversified_regional,neutral,x_leads,,,,
E_vs_A,S1,diversified_regional,encourages,x_leads,,,,
E_vs_A,S1,diversified_regional,strongly_encourages,x_leads,,,,
E_vs_A,S1,regional_cat3,strongly_penalizes,x_leads,,,,
E_vs_A,S1,regional_cat3,penalizes,x_leads,,,,
E_vs_A,S1,regional_cat3,neutral,x_leads,,,,
E_vs_A,S1,regional_cat3,encourages,x_leads,,,,
E_vs_A,S1,regional_cat3,strongly_encourages,x_leads,,,,
E_vs_A,S1,gsib,strongly_penalizes,x_leads,0.58,tie,,
E_vs_A,S1,gsib,penalizes,x_leads,0.58,tie,,
E_vs_A,S1,gsib,neutral,x_leads,0.58,tie,,
E_vs_A,S1,gsib,encourages,x_leads,0.58,tie,,
E_vs_A,S1,gsib,strongly_encourages,x_leads,0.58,tie,,
E_vs_A,S2,svb_like,strongly_penalizes,x_leads,,,,
E_vs_A,S2,svb_like,penalizes,x_leads,,,,
E_vs_A,S2,svb_like,neutral,x_leads,,,,
E_vs_A,S2,svb_like,encourages,x_leads,,,,
E_vs_A,S2,svb_like,strongly_encourages,x_leads,,,,
E_vs_A,S2,diversified_regional,strongly_penalizes,tie,,,,
E_vs_A,S2,diversified_regional,penalizes,tie,,,,
E_vs_A,S2,diversified_regional,neutral,x_leads,0.28,tie,,
E_vs_A,S2,diversified_regional,encourages,x_leads,0.28,tie,,
E_vs_A,S2,diversified_regional,strongly_encourages,x_leads,0.28,tie,,
E_vs_A,S2,regional_cat3,strongly_penalizes,tie,,,0.12,x_leads
E_vs_A,S2,regional_cat3,penalizes,tie,0.28,x_leads,,
E_vs_A,S2,regional_cat3,neutral,x_leads,0.58,tie,,
E_vs_A,S2,regional_cat3,encourages,x_leads,0.58,tie,,
E_vs_A,S2,regional_cat3,strongly_encourages,x_leads,0.58,tie,,
E_vs_A,S2,gsib,strongly_penalizes,tie,,,,
E_vs_A,S2,gsib,penalizes,tie,,,,
E_vs_A,S2,gsib,neutral,tie,,,,
E_vs_A,S2,gsib,encourages,tie,,,,
E_vs_A,S2,gsib,strongly_encourages,tie,,,,
C_prime_vs_C,S1,svb_like,strongly_penalizes,y_leads,,,,
C_prime_vs_C,S1,svb_like,penalizes,y_leads,,,,
C_prime_vs_C,S1,svb_like,neutral,y_leads,,,,
C_prime_vs_C,S1,svb_like,encourages,y_leads,,,,
C_prime_vs_C,S1,svb_like,strongly_encourages,y_leads,,,,
C_prime_vs_C,S1,diversified_regional,strongly_penalizes,y_leads,,,,
C_prime_vs_C,S1,diversified_regional,penalizes,y_leads,0.58,tie,,
C_prime_vs_C,S1,diversified_regional,neutral,y_leads,0.68,tie,,
C_prime_vs_C,S1,diversified_regional,encourages,y_leads,0.68,tie,,
C_prime_vs_C,S1,diversified_regional,strongly_encourages,y_leads,0.68,tie,,
C_prime_vs_C,S1,regional_cat3,strongly_penalizes,y_leads,,,,
C_prime_vs_C,S1,regional_cat3,penalizes,y_leads,,,,
C_prime_vs_C,S1,regional_cat3,neutral,y_leads,,,,
C_prime_vs_C,S1,regional_cat3,encourages,y_leads,,,,
C_prime_vs_C,S1,regional_cat3,strongly_encourages,y_leads,,,,
C_prime_vs_C,S1,gsib,strongly_penalizes,y_leads,,,,
C_prime_vs_C,S1,gsib,penalizes,y_leads,,,,
C_prime_vs_C,S1,gsib,neutral,y_leads,,,,
C_prime_vs_C,S1,gsib,encourages,y_leads,,,,
C_prime_vs_C,S1,gsib,strongly_encourages,y_leads,,,,
C_prime_vs_C,S2,svb_like,strongly_penalizes,y_leads,,,,
C_prime_vs_C,S2,svb_like,penalizes,y_leads,,,,
C_prime_vs_C,S2,svb_like,neutral,y_leads,,,,
C_prime_vs_C,S2,svb_like,encourages,y_leads,,,,
C_prime_vs_C,S2,svb_like,strongly_encourages,y_leads,,,,
C_prime_vs_C,S2,diversified_regional,strongly_penalizes,tie,,,,
C_prime_vs_C,S2,diversified_regional,penalizes,tie,,,,
C_prime_vs_C,S2,diversified_regional,neutral,tie,,,,
C_prime_vs_C,S2,diversified_regional,encourages,tie,,,,
C_prime_vs_C,S2,diversified_regional,strongly_encourages,tie,,,,
C_prime_vs_C,S2,regional_cat3,strongly_penalizes,y_leads,,,,
C_prime_vs_C,S2,regional_cat3,penalizes,y_leads,,,,
C_prime_vs_C,S2,regional_cat3,neutral,y_leads,,,,
C_prime_vs_C,S2,regional_cat3,encourages,y_leads,,,,
C_prime_vs_C,S2,regional_cat3,strongly_encourages,y_leads,,,,
C_prime_vs_C,S2,gsib,strongly_penalizes,y_leads,,,,
C_prime_vs_C,S2,gsib,penalizes,y_leads,,,,
C_prime_vs_C,S2,gsib,neutral,y_leads,,,,
C_prime_vs_C,S2,gsib,encourages,y_leads,,,,
C_prime_vs_C,S2,gsib,strongly_encourages,y_leads,,,,
B_prime_vs_B,S1,svb_like,strongly_penalizes,x_leads,,,,
B_prime_vs_B,S1,svb_like,penalizes,x_leads,,,,
B_prime_vs_B,S1,svb_like,neutral,x_leads,,,,
B_prime_vs_B,S1,svb_like,encourages,x_leads,,,,
B_prime_vs_B,S1,svb_like,strongly_encourages,x_leads,,,,
B_prime_vs_B,S1,diversified_regional,strongly_penalizes,tie,,,,
B_prime_vs_B,S1,diversified_regional,penalizes,tie,,,,
B_prime_vs_B,S1,diversified_regional,neutral,tie,,,,
B_prime_vs_B,S1,diversified_regional,encourages,tie,,,,
B_prime_vs_B,S1,diversified_regional,strongly_encourages,tie,,,,
B_prime_vs_B,S1,regional_cat3,strongly_penalizes,tie,,,,
B_prime_vs_B,S1,regional_cat3,penalizes,tie,,,,
B_prime_vs_B,S1,regional_cat3,neutral,tie,,,,
B_prime_vs_B,S1,regional_cat3,encourages,tie,,,,
B_prime_vs_B,S1,regional_cat3,strongly_encourages,tie,,,,
B_prime_vs_B,S1,gsib,strongly_penalizes,tie,,,,
B_prime_vs_B,S1,gsib,penalizes,tie,,,,
B_prime_vs_B,S1,gsib,neutral,tie,,,,
B_prime_vs_B,S1,gsib,encourages,tie,,,,
B_prime_vs_B,S1,gsib,strongly_encourages,tie,,,,
B_prime_vs_B,S2,svb_like,strongly_penalizes,x_leads,,,,
B_prime_vs_B,S2,svb_like,penalizes,x_leads,,,,
B_prime_vs_B,S2,svb_like,neutral,x_leads,,,,
B_prime_vs_B,S2,svb_like,encourages,x_leads,,,,
B_prime_vs_B,S2,svb_like,strongly_encourages,x_leads,,,,
B_prime_vs_B,S2,diversified_regional,strongly_penalizes,tie,,,,
B_prime_vs_B,S2,diversified_regional,penalizes,tie,,,,
B_prime_vs_B,S2,diversified_regional,neutral,tie,,,,
B_prime_vs_B,S2,diversified_regional,encourages,tie,,,,
B_prime_vs_B,S2,diversified_regional,strongly_encourages,tie,,,,
B_prime_vs_B,S2,regional_cat3,strongly_penalizes,tie,,,,
B_prime_vs_B,S2,regional_cat3,penalizes,tie,,,,
B_prime_vs_B,S2,regional_cat3,neutral,tie,,,,
B_prime_vs_B,S2,regional_cat3,encourages,tie,,,,
B_prime_vs_B,S2,regional_cat3,strongly_encourages,tie,,,,
B_prime_vs_B,S2,gsib,strongly_penalizes,tie,,,,
B_prime_vs_B,S2,gsib,penalizes,tie,,,,
B_prime_vs_B,S2,gsib,neutral,tie,,,,
B_prime_vs_B,S2,gsib,encourages,tie,,,,
B_prime_vs_B,S2,gsib,strongly_encourages,tie,,,,
