policy,scenario,bank_type,metric,value,diff_vs_a,diff_lo,diff_hi,n_runs
A,S1,svb_like,survival_rate,0.00714286,,,,70000
A,S1,svb_like,liquidity_shortfall_bn,0,,,,70000
A,S1,svb_like,support_peak_bn,62.1356,,,,70000
A,S1,svb_like,support_total_bn,62.1356,,,,70000
A,S1,svb_like,annual_cost_m,0,,,,70000
A,S1,svb_like,effective_stigma,0.381246,,,,70000
A,S1,svb_like,routine_borrowing_per_quarter,0.1,,,,70000
A,S1,svb_like,hesitation_gap_days,-0.01125,,,,70000
A,S1,svb_like,false_comfort,0.992857,,,,70000
A,S1,svb_like,timing_only_upper_bound,68049,,,,70000
A,S1,diversified_regional,survival_rate,0.967757,,,,70000
A,S1,diversified_regional,liquidity_shortfall_bn,0,,,,70000
A,S1,diversified_regional,support_peak_bn,1.55787,,,,70000
A,S1,diversified_regional,support_total_bn,1.55787,,,,70000
A,S1,diversified_regional,annual_cost_m,0,,,,70000
A,S1,diversified_regional,effective_stigma,0.381246,,,,70000
A,S1,diversified_regional,routine_borrowing_per_quarter,0.1,,,,70000
A,S1,diversified_regional,hesitation_gap_days,-0.419649,,,,14552
A,S1,diversified_regional,false_comfort,0.0298143,,,,70000
A,S1,diversified_regional,timing_only_upper_bound,2257,,,,70000
A,S1,regional_cat3,survival_rate,0.9512,,,,70000
A,S1,regional_cat3,liquidity_shortfall_bn,0,,,,70000
A,S1,regional_cat3,support_peak_bn,7.44136,,,,70000
A,S1,regional_cat3,support_total_bn,7.44136,,,,70000
A,S1,regional_cat3,annual_cost_m,0,,,,70000
A,S1,regional_cat3,effective_stigma,0.381246,,,,70000
A,S1,regional_cat3,routine_borrowing_per_quarter,0.1,,,,70000
A,S1,regional_cat3,hesitation_gap_days,-0.529092,,,,18822
A,S1,regional_cat3,false_comfort,0.0488,,,,70000
A,S1,regional_cat3,timing_only_upper_bound,3411,,,,70000
A,S1,gsib,survival_rate,0.9974,,,,70000
A,S1,gsib,liquidity_shortfall_bn,0,,,,70000
A,S1,gsib,support_peak_bn,0.701744,,,,70000
A,S1,gsib,support_total_bn,0.701744,,,,70000
A,S1,gsib,annual_cost_m,0,,,,70000
A,S1,gsib,effective_stigma,0.381246,,,,70000
A,S1,gsib,routine_borrowing_per_quarter,0.1,,,,70000
A,S1,gsib,hesitation_gap_days,-1.3152,,,,451
A,S1,gsib,false_comfort,0.0026,,,,70000
A,S1,gsib,timing_only_upper_bound,182,,,,70000
A,S2,svb_like,survival_rate,0.0147857,,,,70000
A,S2,svb_like,liquidity_shortfall_bn,0,,,,70000
A,S2,svb_like,support_peak_bn,50.3899,,,,70000
A,S2,svb_like,support_total_bn,50.3899,,,,70000
A,S2,svb_like,annual_cost_m,0,,,,70000
A,S2,svb_like,effective_stigma,0.381246,,,,70000
A,S2,svb_like,routine_borrowing_per_quarter,0.1,,,,70000
A,S2,svb_like,hesitation_gap_days,-0.0434429,,,,70000
A,S2,svb_like,false_comfort,0.985214,,,,70000
A,S2,svb_like,needless_borrowing_bn,50.3899,,,,70000
A,S2,svb_like,timing_only_upper_bound,66506,,,,70000
A,S2,diversified_regional,survival_rate,0.999243,,,,70000
A,S2,diversified_regional,liquidity_shortfall_bn,0,,,,70000
A,S2,diversified_regional,support_peak_bn,0.044614,,,,70000
A,S2,diversified_regional,support_total_bn,0.044614,,,,70000
A,S2,diversified_regional,annual_cost_m,0,,,,70000
A,S2,diversified_regional,effective_stigma,0.381246,,,,70000
A,S2,diversified_regional,routine_borrowing_per_quarter,0.1,,,,70000
A,S2,diversified_regional,hesitation_gap_days,-1.02809,,,,326
A,S2,diversified_regional,false_comfort,0.000685714,,,,70000
A,S2,diversified_regional,needless_borrowing_bn,0.044614,,,,70000
A,S2,diversified_regional,timing_only_upper_bound,53,,,,70000
A,S2,regional_cat3,survival_rate,0.999029,,,,70000
A,S2,regional_cat3,liquidity_shortfall_bn,0,,,,70000
A,S2,regional_cat3,support_peak_bn,0.34947,,,,70000
A,S2,regional_cat3,support_total_bn,0.34947,,,,70000
A,S2,regional_cat3,annual_cost_m,0,,,,70000
A,S2,regional_cat3,effective_stigma,0.381246,,,,70000
A,S2,regional_cat3,routine_borrowing_per_quarter,0.1,,,,70000
A,S2,regional_cat3,hesitation_gap_days,-0.882944,,,,806
A,S2,regional_cat3,false_comfort,0.000971429,,,,70000
A,S2,regional_cat3,needless_borrowing_bn,0.34947,,,,70000
A,S2,regional_cat3,timing_only_upper_bound,68,,,,70000
A,S2,gsib,survival_rate,1,,,,70000
A,S2,gsib,liquidity_shortfall_bn,0,,,,70000
A,S2,gsib,support_peak_bn,0,,,,70000
A,S2,gsib,support_total_bn,0,,,,70000
A,S2,gsib,annual_cost_m,0,,,,70000
A,S2,gsib,effective_stigma,0.381246,,,,70000
A,S2,gsib,routine_borrowing_per_quarter,0.1,,,,70000
A,S2,gsib,hesitation_gap_days,,,,,0
A,S2,gsib,false_comfort,0,,,,70000
A,S2,gsib,needless_borrowing_bn,0,,,,70000
A,S2,gsib,timing_only_upper_bound,0,,,,70000
B,S1,svb_like,survival_rate,0.716357,0.709214,0.693633,0.724796,70000
B,S1,svb_like,liquidity_shortfall_bn,0,0,0,0,70000
B,S1,svb_like,support_peak_bn,74.4427,12.3071,11.8105,12.8037,70000
B,S1,svb_like,support_total_bn,74.4427,12.3071,11.8105,12.8037,70000
B,S1,svb_like,annual_cost_m,7.65315,7.65315,6.26473,9.04156,70000
B,S1,svb_like,effective_stigma,0.291036,-0.0902107,-0.0902107,-0.0902107,70000
B,S1,svb_like,routine_borrowing_per_quarter,1,0.9,0.9,0.9,70000
B,S1,svb_like,hesitation_gap_days,-0.0126,-0.00135,-0.00172073,-0.000979266,70000
B,S1,svb_like,false_comfort,0.283643,-0.709214,-0.724796,-0.693633,70000
B,S1,svb_like,timing_only_upper_bound,14525,,,,70000
B,S1,diversified_regional,survival_rate,1,0.0322429,0.0268461,0.0376396,70000
B,S1,diversified_regional,liquidity_shortfall_bn,0,0,0,0,70000
B,S1,diversified_regional,support_peak_bn,1.69202,0.134149,0.0944174,0.173881,70000
B,S1,diversified_regional,support_total_bn,1.69202,0.134149,0.0944174,0.173881,70000
B,S1,diversified_regional,annual_cost_m,1.54552,1.54552,1.03318,2.05785,70000
B,S1,diversified_regional,effective_stigma,0.291036,-0.0902107,-0.0902107,-0.0902107,70000
B,S1,diversified_regional,routine_borrowing_per_quarter,1,0.9,0.9,0.9,70000
B,S1,diversified_regional,hesitation_gap_days,-0.379353,-0.0361413,-0.0533852,-0.0188975,13626
B,S1,diversified_regional,false_comfort,0,-0.0298143,-0.0350603,-0.0245683,70000
B,S1,diversified_regional,timing_only_upper_bound,0,,,,70000
B,S1,regional_cat3,survival_rate,1,0.0488,0.0424278,0.0551722,70000
B,S1,regional_cat3,liquidity_shortfall_bn,0,0,0,0,70000
B,S1,regional_cat3,support_peak_bn,7.92117,0.479811,0.297593,0.662029,70000
B,S1,regional_cat3,support_total_bn,7.92117,0.479811,0.297593,0.662029,70000
B,S1,regional_cat3,annual_cost_m,5.70982,5.70982,3.83143,7.58822,70000
B,S1,regional_cat3,effective_stigma,0.291036,-0.0902107,-0.0902107,-0.0902107,70000
B,S1,regional_cat3,routine_borrowing_per_quarter,1,0.9,0.9,0.9,70000
B,S1,regional_cat3,hesitation_gap_days,-0.471284,-0.0578271,-0.0683343,-0.04732,17329
B,S1,regional_cat3,false_comfort,0,-0.0488,-0.0551722,-0.0424278,70000
B,S1,regional_cat3,timing_only_upper_bound,0,,,,70000
B,S1,gsib,survival_rate,1,0.0026,0.00129314,0.00390686,70000
B,S1,gsib,liquidity_shortfall_bn,0,0,0,0,70000
B,S1,gsib,support_peak_bn,0.597848,-0.103897,-0.238252,0.0304578,70000
B,S1,gsib,support_total_bn,0.597848,-0.103897,-0.238252,0.0304578,70000
B,S1,gsib,annual_cost_m,19.6023,19.6023,14.3725,24.832,70000
B,S1,gsib,effective_stigma,0.291036,-0.0902107,-0.0902107,-0.0902107,70000
B,S1,gsib,routine_borrowing_per_quarter,1,0.9,0.9,0.9,70000
B,S1,gsib,hesitation_gap_days,-1.02633,0.150345,-0.0232209,0.323911,258
B,S1,gsib,false_comfort,0,-0.0026,-0.00390686,-0.00129314,70000
B,S1,gsib,timing_only_upper_bound,0,,,,70000
B,S2,svb_like,survival_rate,0.812557,0.797771,0.783927,0.811616,70000
B,S2,svb_like,liquidity_shortfall_bn,0,0,0,0,70000
B,S2,svb_like,support_peak_bn,72.4999,22.11,21.4782,22.7419,70000
B,S2,svb_like,support_total_bn,72.4999,22.11,21.4782,22.7419,70000
B,S2,svb_like,annual_cost_m,7.65315,7.65315,6.26473,9.04156,70000
B,S2,svb_like,effective_stigma,0.291036,-0.0902107,-0.0902107,-0.0902107,70000
B,S2,svb_like,routine_borrowing_per_quarter,1,0.9,0.9,0.9,70000
B,S2,svb_like,hesitation_gap_days,-0.0484071,-0.00496429,-0.00563565,-0.00429292,70000
B,S2,svb_like,false_comfort,0.187443,-0.797771,-0.811616,-0.783927,70000
B,S2,svb_like,needless_borrowing_bn,72.4999,22.11,21.4782,22.7419,70000
B,S2,svb_like,timing_only_upper_bound,6389,,,,70000
B,S2,diversified_regional,survival_rate,1,0.000757143,-4.25597e-05,0.00155685,70000
B,S2,diversified_regional,liquidity_shortfall_bn,0,0,0,0,70000
B,S2,diversified_regional,support_peak_bn,0.0484576,0.00384356,-0.00256793,0.0102551,70000
B,S2,diversified_regional,support_total_bn,0.0484576,0.00384356,-0.00256793,0.0102551,70000
B,S2,diversified_regional,annual_cost_m,1.54552,1.54552,1.03318,2.05785,70000
B,S2,diversified_regional,effective_stigma,0.291036,-0.0902107,-0.0902107,-0.0902107,70000
B,S2,diversified_regional,routine_borrowing_per_quarter,1,0.9,0.9,0.9,70000
B,S2,diversified_regional,hesitation_gap_days,-1.05714,0.0360301,-0.154163,0.226223,231
B,S2,diversified_regional,false_comfort,0,-0.000685714,-0.00147682,0.000105394,70000
B,S2,diversified_regional,needless_borrowing_bn,0.0484576,0.00384356,-0.00256793,0.0102551,70000
B,S2,diversified_regional,timing_only_upper_bound,0,,,,70000
B,S2,regional_cat3,survival_rate,1,0.000971429,0.000162081,0.00178078,70000
B,S2,regional_cat3,liquidity_shortfall_bn,0,0,0,0,70000
B,S2,regional_cat3,support_peak_bn,0.359255,0.00978449,-0.0186129,0.0381819,70000
B,S2,regional_cat3,support_total_bn,0.359255,0.00978449,-0.0186129,0.0381819,70000
B,S2,regional_cat3,annual_cost_m,5.70982,5.70982,3.83143,7.58822,70000
B,S2,regional_cat3,effective_stigma,0.291036,-0.0902107,-0.0902107,-0.0902107,70000
B,S2,regional_cat3,routine_borrowing_per_quarter,1,0.9,0.9,0.9,70000
B,S2,regional_cat3,hesitation_gap_days,-0.774694,-0.0200043,-0.116153,0.0761443,672
B,S2,regional_cat3,false_comfort,0,-0.000971429,-0.00178078,-0.000162081,70000
B,S2,regional_cat3,needless_borrowing_bn,0.359255,0.00978449,-0.0186129,0.0381819,70000
B,S2,regional_cat3,timing_only_upper_bound,0,,,,70000
B,S2,gsib,survival_rate,1,0,0,0,70000
B,S2,gsib,liquidity_shortfall_bn,0,0,0,0,70000
B,S2,gsib,support_peak_bn,0,0,0,0,70000
B,S2,gsib,support_total_bn,0,0,0,0,70000
B,S2,gsib,annual_cost_m,19.6023,19.6023,14.3725,24.832,70000
B,S2,gsib,effective_stigma,0.291036,-0.0902107,-0.0902107,-0.0902107,70000
B,S2,gsib,routine_borrowing_per_quarter,1,0.9,0.9,0.9,70000
B,S2,gsib,hesitation_gap_days,,,,,0
B,S2,gsib,false_comfort,0,0,0,0,70000
B,S2,gsib,needless_borrowing_bn,0,0,0,0,70000
B,S2,gsib,timing_only_upper_bound,0,,,,70000
B_prime,S1,svb_like,survival_rate,0.956043,0.9489,0.940865,0.956935,70000
B_prime,S1,svb_like,liquidity_shortfall_bn,0,0,0,0,70000
B_prime,S1,svb_like,support_peak_bn,96.984,34.8484,34.2492,35.4476,70000
B_prime,S1,svb_like,support_total_bn,96.984,34.8484,34.2492,35.4476,70000
B_prime,S1,svb_like,annual_cost_m,393.171,393.171,270.065,516.276,70000
B_prime,S1,svb_like,effective_stigma,0.291036,-0.0902107,-0.0902107,-0.0902107,70000
B_prime,S1,svb_like,routine_borrowing_per_quarter,1,0.9,0.9,0.9,70000
B_prime,S1,svb_like,hesitation_gap_days,-0.0802643,-0.0690143,-0.0771437,-0.0608849,70000
B_prime,S1,svb_like,false_comfort,0.0439571,-0.9489,-0.956935,-0.940865,70000
B_prime,S1,svb_like,timing_only_upper_bound,3077,,,,70000
B_prime,S1,diversified_regional,survival_rate,1,0.0322429,0.0268461,0.0376396,70000
B_prime,S1,diversified_regional,liquidity_shortfall_bn,0,0,0,0,70000
B_prime,S1,diversified_regional,support_peak_bn,1.69202,0.134149,0.0944174,0.173881,70000
B_prime,S1,diversified_regional,support_total_bn,1.69202,0.134149,0.0944174,0.173881,70000
B_prime,S1,diversified_regional,annual_cost_m,13.9052,13.9052,9.29419,18.5162,70000
B_prime,S1,diversified_regional,effective_stigma,0.291036,-0.0902107,-0.0902107,-0.0902107,70000
B_prime,S1,diversified_regional,routine_borrowing_per_quarter,1,0.9,0.9,0.9,70000
B_prime,S1,diversified_regional,hesitation_gap_days,-0.379353,-0.0361413,-0.0533852,-0.0188975,13626
B_prime,S1,diversified_regional,false_comfort,0,-0.0298143,-0.0350603,-0.0245683,70000
B_prime,S1,diversified_regional,timing_only_upper_bound,0,,,,70000
B_prime,S1,regional_cat3,survival_rate,1,0.0488,0.0424278,0.0551722,70000
B_prime,S1,regional_cat3,liquidity_shortfall_bn,0,0,0,0,70000
B_prime,S1,regional_cat3,support_peak_bn,7.94558,0.504223,0.321302,0.687143,70000
B_prime,S1,regional_cat3,support_total_bn,7.94558,0.504223,0.321302,0.687143,70000
B_prime,S1,regional_cat3,annual_cost_m,52.512,52.512,34.4467,70.5774,70000
B_prime,S1,regional_cat3,effective_stigma,0.291036,-0.0902107,-0.0902107,-0.0902107,70000
B_prime,S1,regional_cat3,routine_borrowing_per_quarter,1,0.9,0.9,0.9,70000
B_prime,S1,regional_cat3,hesitation_gap_days,-0.471284,-0.0578271,-0.0683343,-0.04732,17329
B_prime,S1,regional_cat3,false_comfort,0,-0.0488,-0.0551722,-0.0424278,70000
B_prime,S1,regional_cat3,timing_only_upper_bound,0,,,,70000
B_prime,S1,gsib,survival_rate,1,0.0026,0.00129314,0.00390686,70000
B_prime,S1,gsib,liquidity_shortfall_bn,0,0,0,0,70000
B_prime,S1,gsib,support_peak_bn,0.603585,-0.0981595,-0.232851,0.0365324,70000
B_prime,S1,gsib,support_total_bn,0.603585,-0.0981595,-0.232851,0.0365324,70000
B_prime,S1,gsib,annual_cost_m,180.34,180.34,131.279,229.401,70000
B_prime,S1,gsib,effective_stigma,0.291036,-0.0902107,-0.0902107,-0.0902107,70000
B_prime,S1,gsib,routine_borrowing_per_quarter,1,0.9,0.9,0.9,70000
B_prime,S1,gsib,hesitation_gap_days,-1.02633,0.150345,-0.0232209,0.323911,258
B_prime,S1,gsib,false_comfort,0,-0.0026,-0.00390686,-0.00129314,70000
B_prime,S1,gsib,timing_only_upper_bound,0,,,,70000
B_prime,S2,svb_like,survival_rate,0.920657,0.905871,0.895247,0.916496,70000
B_prime,S2,svb_like,liquidity_shortfall_bn,0,0,0,0,70000
B_prime,S2,svb_like,support_peak_bn,92.3163,41.9264,41.1635,42.6893,70000
B_prime,S2,svb_like,support_total_bn,92.3163,41.9264,41.1635,42.6893,70000
B_prime,S2,svb_like,annual_cost_m,393.171,393.171,270.065,516.276,70000
B_prime,S2,svb_like,effective_stigma,0.291036,-0.0902107,-0.0902107,-0.0902107,70000
B_prime,S2,svb_like,routine_borrowing_per_quarter,1,0.9,0.9,0.9,70000
B_prime,S2,svb_like,hesitation_gap_days,-0.145924,-0.102667,-0.1139,-0.0914338,69872
B_prime,S2,svb_like,false_comfort,0.0793429,-0.905871,-0.916496,-0.895247,70000
B_prime,S2,svb_like,needless_borrowing_bn,92.3163,41.9264,41.1635,42.6893,70000
B_prime,S2,svb_like,timing_only_upper_bound,5554,,,,70000
B_prime,S2,diversified_regional,survival_rate,1,0.000757143,-4.25597e-05,0.00155685,70000
B_prime,S2,diversified_regional,liquidity_shortfall_bn,0,0,0,0,70000
B_prime,S2,diversified_regional,support_peak_bn,0.0484576,0.00384356,-0.00256793,0.0102551,70000
B_prime,S2,diversified_regional,support_total_bn,0.0484576,0.00384356,-0.00256793,0.0102551,70000
B_prime,S2,diversified_regional,annual_cost_m,13.9052,13.9052,9.29419,18.5162,70000
B_prime,S2,diversified_regional,effective_stigma,0.291036,-0.0902107,-0.0902107,-0.0902107,70000
B_prime,S2,diversified_regional,routine_borrowing_per_quarter,1,0.9,0.9,0.9,70000
B_prime,S2,diversified_regional,hesitation_gap_days,-1.05714,0.0360301,-0.154163,0.226223,231
B_prime,S2,diversified_regional,false_comfort,0,-0.000685714,-0.00147682,0.000105394,70000
B_prime,S2,diversified_regional,needless_borrowing_bn,0.0484576,0.00384356,-0.00256793,0.0102551,70000
B_prime,S2,diversified_regional,timing_only_upper_bound,0,,,,70000
B_prime,S2,regional_cat3,survival_rate,1,0.000971429,0.000162081,0.00178078,70000
B_prime,S2,regional_cat3,liquidity_shortfall_bn,0,0,0,0,70000
B_prime,S2,regional_cat3,support_peak_bn,0.362696,0.0132263,-0.0157813,0.042234,70000
B_prime,S2,regional_cat3,support_total_bn,0.362696,0.0132263,-0.0157813,0.042234,70000
B_prime,S2,regional_cat3,annual_cost_m,52.512,52.512,34.4467,70.5774,70000
B_prime,S2,regional_cat3,effective_stigma,0.291036,-0.0902107,-0.0902107,-0.0902107,70000
B_prime,S2,regional_cat3,routine_borrowing_per_quarter,1,0.9,0.9,0.9,70000
B_prime,S2,regional_cat3,hesitation_gap_days,-0.774694,-0.0200043,-0.116153,0.0761443,672
B_prime,S2,regional_cat3,false_comfort,0,-0.000971429,-0.00178078,-0.000162081,70000
B_prime,S2,regional_cat3,needless_borrowing_bn,0.362696,0.0132263,-0.0157813,0.042234,70000
B_prime,S2,regional_cat3,timing_only_upper_bound,0,,,,70000
B_prime,S2,gsib,survival_rate,1,0,0,0,70000
B_prime,S2,gsib,liquidity_shortfall_bn,0,0,0,0,70000
B_prime,S2,gsib,support_peak_bn,0,0,0,0,70000
B_prime,S2,gsib,support_total_bn,0,0,0,0,70000
B_prime,S2,gsib,annual_cost_m,180.34,180.34,131.279,229.401,70000
B_prime,S2,gsib,effective_stigma,0.291036,-0.0902107,-0.0902107,-0.0902107,70000
B_prime,S2,gsib,routine_borrowing_per_quarter,1,0.9,0.9,0.9,70000
B_prime,S2,gsib,hesitation_gap_days,,,,,0
B_prime,S2,gsib,false_comfort,0,0,0,0,70000
B_prime,S2,gsib,needless_borrowing_bn,0,0,0,0,70000
B_prime,S2,gsib,timing_only_upper_bound,0,,,,70000
C,S1,svb_like,survival_rate,0.00428571,-0.00285714,-0.0056412,-7.30809e-05,70000
C,S1,svb_like,liquidity_shortfall_bn,0,0,0,0,70000
C,S1,svb_like,support_peak_bn,67.0178,4.88222,4.54785,5.21659,70000
C,S1,svb_like,support_total_bn,67.0178,4.88222,4.54785,5.21659,70000
C,S1,svb_like,annual_cost_m,-95.6173,-95.6173,-152.196,-39.0383,70000
C,S1,svb_like,buffer_gap_pp,10,10,4.517,15.483,70000
C,S1,svb_like,effective_stigma,0.223843,-0.157403,-0.157403,-0.157403,70000
C,S1,svb_like,routine_borrowing_per_quarter,1.875,1.775,1.775,1.775,70000
C,S1,svb_like,hesitation_gap_days,-0.0035,0.00775,0.00561898,0.00988102,70000
C,S1,svb_like,false_comfort,0.995714,0.00285714,7.30809e-05,0.0056412,70000
C,S1,svb_like,timing_only_upper_bound,68810,,,,70000
C,S1,diversified_regional,survival_rate,0.975343,0.00758571,0.00599677,0.00917466,70000
C,S1,diversified_regional,liquidity_shortfall_bn,0,0,0,0,70000
C,S1,diversified_regional,support_peak_bn,1.5023,-0.0555744,-0.0697573,-0.0413915,70000
C,S1,diversified_regional,support_total_bn,1.5023,-0.0555744,-0.0697573,-0.0413915,70000
C,S1,diversified_regional,annual_cost_m,0,0,0,0,70000
C,S1,diversified_regional,buffer_gap_pp,0,0,0,0,70000
C,S1,diversified_regional,effective_stigma,0.223843,-0.157403,-0.157403,-0.157403,70000
C,S1,diversified_regional,routine_borrowing_per_quarter,1.875,1.775,1.775,1.775,70000
C,S1,diversified_regional,hesitation_gap_days,-0.360748,-0.052158,-0.0622566,-0.0420594,13270
C,S1,diversified_regional,false_comfort,0.0226286,-0.00718571,-0.00870907,-0.00566236,70000
C,S1,diversified_regional,timing_only_upper_bound,1726,,,,70000
C,S1,regional_cat3,survival_rate,0.978929,0.0277286,0.0232973,0.0321598,70000
C,S1,regional_cat3,liquidity_shortfall_bn,0,0,0,0,70000
C,S1,regional_cat3,support_peak_bn,19.8873,12.4459,11.8924,12.9994,70000
C,S1,regional_cat3,support_total_bn,19.8873,12.4459,11.8924,12.9994,70000
C,S1,regional_cat3,annual_cost_m,-414.744,-414.744,-559.027,-270.46,70000
C,S1,regional_cat3,buffer_gap_pp,16,16,11.6136,20.3864,70000
C,S1,regional_cat3,effective_stigma,0.223843,-0.157403,-0.157403,-0.157403,70000
C,S1,regional_cat3,routine_borrowing_per_quarter,1.875,1.775,1.775,1.775,70000
C,S1,regional_cat3,hesitation_gap_days,-0.178111,0.380708,0.341981,0.419435,39282
C,S1,regional_cat3,false_comfort,0.0210714,-0.0277286,-0.0321598,-0.0232973,70000
C,S1,regional_cat3,timing_only_upper_bound,1475,,,,70000
C,S1,gsib,survival_rate,0.998,0.0006,-0.000869191,0.00206919,70000
C,S1,gsib,liquidity_shortfall_bn,0,0,0,0,70000
C,S1,gsib,support_peak_bn,17.6561,16.9543,15.4246,18.484,70000
C,S1,gsib,support_total_bn,17.6561,16.9543,15.4246,18.484,70000
C,S1,gsib,annual_cost_m,-1613,-1613,-2142.21,-1083.8,70000
C,S1,gsib,buffer_gap_pp,16,16,11.6136,20.3864,70000
C,S1,gsib,effective_stigma,0.223843,-0.157403,-0.157403,-0.157403,70000
C,S1,gsib,routine_borrowing_per_quarter,1.875,1.775,1.775,1.775,70000
C,S1,gsib,hesitation_gap_days,-0.269397,1.20552,1.02199,1.38904,11354
C,S1,gsib,false_comfort,0.002,-0.0006,-0.00206919,0.000869191,70000
C,S1,gsib,timing_only_upper_bound,140,,,,70000
C,S2,svb_like,survival_rate,0.0176429,0.00285714,-0.00245767,0.00817196,70000
C,S2,svb_like,liquidity_shortfall_bn,0,0,0,0,70000
C,S2,svb_like,support_peak_bn,58.8642,8.4743,7.95407,8.99452,70000
C,S2,svb_like,support_total_bn,58.8642,8.4743,7.95407,8.99452,70000
C,S2,svb_like,annual_cost_m,-95.6173,-95.6173,-152.196,-39.0383,70000
C,S2,svb_like,buffer_gap_pp,10,10,4.517,15.483,70000
C,S2,svb_like,effective_stigma,0.223843,-0.157403,-0.157403,-0.157403,70000
C,S2,svb_like,routine_borrowing_per_quarter,1.875,1.775,1.775,1.775,70000
C,S2,svb_like,hesitation_gap_days,-0.0200714,0.0233714,0.0191552,0.0275877,70000
C,S2,svb_like,false_comfort,0.982357,-0.00285714,-0.00817196,0.00245767,70000
C,S2,svb_like,needless_borrowing_bn,58.8642,8.4743,7.95407,8.99452,70000
C,S2,svb_like,timing_only_upper_bound,67225,,,,70000
C,S2,diversified_regional,survival_rate,0.9995,0.000257143,-1.47763e-05,0.000529062,70000
C,S2,diversified_regional,liquidity_shortfall_bn,0,0,0,0,70000
C,S2,diversified_regional,support_peak_bn,0.0393759,-0.00523809,-0.00886258,-0.00161361,70000
C,S2,diversified_regional,support_total_bn,0.0393759,-0.00523809,-0.00886258,-0.00161361,70000
C,S2,diversified_regional,annual_cost_m,0,0,0,0,70000
C,S2,diversified_regional,buffer_gap_pp,0,0,0,0,70000
C,S2,diversified_regional,effective_stigma,0.223843,-0.157403,-0.157403,-0.157403,70000
C,S2,diversified_regional,routine_borrowing_per_quarter,1.875,1.775,1.775,1.775,70000
C,S2,diversified_regional,hesitation_gap_days,-1.09206,-0.163739,-0.332244,0.00476597,161
C,S2,diversified_regional,false_comfort,0.0005,-0.000185714,-0.000431013,5.95842e-05,70000
C,S2,diversified_regional,needless_borrowing_bn,0.0393759,-0.00523809,-0.00886258,-0.00161361,70000
C,S2,diversified_regional,timing_only_upper_bound,35,,,,70000
C,S2,regional_cat3,survival_rate,0.9995,0.000471429,5.79394e-06,0.000937063,70000
C,S2,regional_cat3,liquidity_shortfall_bn,0,0,0,0,70000
C,S2,regional_cat3,support_peak_bn,4.05491,3.70544,3.32971,4.08117,70000
C,S2,regional_cat3,support_total_bn,4.05491,3.70544,3.32971,4.08117,70000
C,S2,regional_cat3,annual_cost_m,-414.744,-414.744,-559.027,-270.46,70000
C,S2,regional_cat3,buffer_gap_pp,16,16,11.6136,20.3864,70000
C,S2,regional_cat3,effective_stigma,0.223843,-0.157403,-0.157403,-0.157403,70000
C,S2,regional_cat3,routine_borrowing_per_quarter,1.875,1.775,1.775,1.775,70000
C,S2,regional_cat3,hesitation_gap_days,-0.232646,0.79209,0.582916,1.00126,9448
C,S2,regional_cat3,false_comfort,0.0005,-0.000471429,-0.000937063,-5.79394e-06,70000
C,S2,regional_cat3,needless_borrowing_bn,4.05491,3.70544,3.32971,4.08117,70000
C,S2,regional_cat3,timing_only_upper_bound,35,,,,70000
C,S2,gsib,survival_rate,1,0,0,0,70000
C,S2,gsib,liquidity_shortfall_bn,0,0,0,0,70000
C,S2,gsib,support_peak_bn,1.45906,1.45906,1.04883,1.86929,70000
C,S2,gsib,support_total_bn,1.45906,1.45906,1.04883,1.86929,70000
C,S2,gsib,annual_cost_m,-1613,-1613,-2142.21,-1083.8,70000
C,S2,gsib,buffer_gap_pp,16,16,11.6136,20.3864,70000
C,S2,gsib,effective_stigma,0.223843,-0.157403,-0.157403,-0.157403,70000
C,S2,gsib,routine_borrowing_per_quarter,1.875,1.775,1.775,1.775,70000
C,S2,gsib,hesitation_gap_days,-0.158525,,,,1070
C,S2,gsib,false_comfort,0,0,0,0,70000
C,S2,gsib,needless_borrowing_bn,1.45906,1.45906,1.04883,1.86929,70000
C,S2,gsib,timing_only_upper_bound,0,,,,70000
C_prime,S1,svb_like,survival_rate,0.00264286,-0.0045,-0.00688259,-0.00211741,70000
C_prime,S1,svb_like,liquidity_shortfall_bn,0,0,0,0,70000
C_prime,S1,svb_like,support_peak_bn,54.9513,-7.18433,-7.71586,-6.6528,70000
C_prime,S1,svb_like,support_total_bn,54.9513,-7.18433,-7.71586,-6.6528,70000
C_prime,S1,svb_like,annual_cost_m,-95.6194,-95.6194,-152.2,-39.0392,70000
C_prime,S1,svb_like,buffer_gap_pp,10,10,4.517,15.483,70000
C_prime,S1,svb_like,effective_stigma,0.381246,0,0,0,70000
C_prime,S1,svb_like,routine_borrowing_per_quarter,0.1,0,0,0,70000
C_prime,S1,svb_like,hesitation_gap_days,-0.00323571,0.00801429,0.00588955,0.010139,70000
C_prime,S1,svb_like,false_comfort,0.997357,0.0045,0.00211741,0.00688259,70000
C_prime,S1,svb_like,timing_only_upper_bound,68390,,,,70000
C_prime,S1,diversified_regional,survival_rate,0.967757,0,0,0,70000
C_prime,S1,diversified_regional,liquidity_shortfall_bn,0,0,0,0,70000
C_prime,S1,diversified_regional,support_peak_bn,1.55787,0,0,0,70000
C_prime,S1,diversified_regional,support_total_bn,1.55787,0,0,0,70000
C_prime,S1,diversified_regional,annual_cost_m,0,0,0,0,70000
C_prime,S1,diversified_regional,buffer_gap_pp,0,0,0,0,70000
C_prime,S1,diversified_regional,effective_stigma,0.381246,0,0,0,70000
C_prime,S1,diversified_regional,routine_borrowing_per_quarter,0.1,0,0,0,70000
C_prime,S1,diversified_regional,hesitation_gap_days,-0.419649,0,0,0,14552
C_prime,S1,diversified_regional,false_comfort,0.0298143,0,0,0,70000
C_prime,S1,diversified_regional,timing_only_upper_bound,2257,,,,70000
C_prime,S1,regional_cat3,survival_rate,0.696543,-0.254657,-0.269711,-0.239604,70000
C_prime,S1,regional_cat3,liquidity_shortfall_bn,0,0,0,0,70000
C_prime,S1,regional_cat3,support_peak_bn,16.6532,9.21182,8.76821,9.65543,70000
C_prime,S1,regional_cat3,support_total_bn,16.6532,9.21182,8.76821,9.65543,70000
C_prime,S1,regional_cat3,annual_cost_m,-414.753,-414.753,-559.04,-270.466,70000
C_prime,S1,regional_cat3,buffer_gap_pp,16,16,11.6136,20.3864,70000
C_prime,S1,regional_cat3,effective_stigma,0.381246,0,0,0,70000
C_prime,S1,regional_cat3,routine_borrowing_per_quarter,0.1,0,0,0,70000
C_prime,S1,regional_cat3,hesitation_gap_days,-0.211802,0.390034,0.353225,0.426842,40020
C_prime,S1,regional_cat3,false_comfort,0.303457,0.254657,0.239604,0.269711,70000
C_prime,S1,regional_cat3,timing_only_upper_bound,21242,,,,70000
C_prime,S1,gsib,survival_rate,0.933571,-0.0638286,-0.0723419,-0.0553152,70000
C_prime,S1,gsib,liquidity_shortfall_bn,0,0,0,0,70000
C_prime,S1,gsib,support_peak_bn,17.5839,16.8821,15.4189,18.3454,70000
C_prime,S1,gsib,support_total_bn,17.5839,16.8821,15.4189,18.3454,70000
C_prime,S1,gsib,annual_cost_m,-1613.04,-1613.04,-2142.26,-1083.82,70000
C_prime,S1,gsib,buffer_gap_pp,16,16,11.6136,20.3864,70000
C_prime,S1,gsib,effective_stigma,0.381246,0,0,0,70000
C_prime,S1,gsib,routine_borrowing_per_quarter,0.1,0,0,0,70000
C_prime,S1,gsib,hesitation_gap_days,-0.452133,1.22441,1.04445,1.40438,12234
C_prime,S1,gsib,false_comfort,0.0664286,0.0638286,0.0553152,0.0723419,70000
C_prime,S1,gsib,timing_only_upper_bound,4650,,,,70000
C_prime,S2,svb_like,survival_rate,0.00535714,-0.00942857,-0.0129293,-0.00592789,70000
C_prime,S2,svb_like,liquidity_shortfall_bn,0,0,0,0,70000
C_prime,S2,svb_like,support_peak_bn,45.5864,-4.80346,-5.27342,-4.3335,70000
C_prime,S2,svb_like,support_total_bn,45.5864,-4.80346,-5.27342,-4.3335,70000
C_prime,S2,svb_like,annual_cost_m,-95.6194,-95.6194,-152.2,-39.0392,70000
C_prime,S2,svb_like,buffer_gap_pp,10,10,4.517,15.483,70000
C_prime,S2,svb_like,effective_stigma,0.381246,0,0,0,70000
C_prime,S2,svb_like,routine_borrowing_per_quarter,0.1,0,0,0,70000
C_prime,S2,svb_like,hesitation_gap_days,-0.0173357,0.0261071,0.0220015,0.0302128,70000
C_prime,S2,svb_like,false_comfort,0.994643,0.00942857,0.00592789,0.0129293,70000
C_prime,S2,svb_like,needless_borrowing_bn,45.5864,-4.80346,-5.27342,-4.3335,70000
C_prime,S2,svb_like,timing_only_upper_bound,66888,,,,70000
C_prime,S2,diversified_regional,survival_rate,0.999243,0,0,0,70000
C_prime,S2,diversified_regional,liquidity_shortfall_bn,0,0,0,0,70000
C_prime,S2,diversified_regional,support_peak_bn,0.044614,0,0,0,70000
C_prime,S2,diversified_regional,support_total_bn,0.044614,0,0,0,70000
C_prime,S2,diversified_regional,annual_cost_m,0,0,0,0,70000
C_prime,S2,diversified_regional,buffer_gap_pp,0,0,0,0,70000
C_prime,S2,diversified_regional,effective_stigma,0.381246,0,0,0,70000
C_prime,S2,diversified_regional,routine_borrowing_per_quarter,0.1,0,0,0,70000
C_prime,S2,diversified_regional,hesitation_gap_days,-1.02809,0,0,0,326
C_prime,S2,diversified_regional,false_comfort,0.000685714,0,0,0,70000
C_prime,S2,diversified_regional,needless_borrowing_bn,0.044614,0,0,0,70000
C_prime,S2,diversified_regional,timing_only_upper_bound,53,,,,70000
C_prime,S2,regional_cat3,survival_rate,0.959943,-0.0390857,-0.0457159,-0.0324556,70000
C_prime,S2,regional_cat3,liquidity_shortfall_bn,0,0,0,0,70000
C_prime,S2,regional_cat3,support_peak_bn,4.02633,3.67686,3.33047,4.02324,70000
C_prime,S2,regional_cat3,support_total_bn,4.02633,3.67686,3.33047,4.02324,70000
C_prime,S2,regional_cat3,annual_cost_m,-414.753,-414.753,-559.04,-270.466,70000
C_prime,S2,regional_cat3,buffer_gap_pp,16,16,11.6136,20.3864,70000
C_prime,S2,regional_cat3,effective_stigma,0.381246,0,0,0,70000
C_prime,S2,regional_cat3,routine_borrowing_per_quarter,0.1,0,0,0,70000
C_prime,S2,regional_cat3,hesitation_gap_days,-0.406367,0.712855,0.517665,0.908045,9989
C_prime,S2,regional_cat3,false_comfort,0.0400571,0.0390857,0.0324556,0.0457159,70000
C_prime,S2,regional_cat3,needless_borrowing_bn,4.02633,3.67686,3.33047,4.02324,70000
C_prime,S2,regional_cat3,timing_only_upper_bound,2804,,,,70000
C_prime,S2,gsib,survival_rate,0.997786,-0.00221429,-0.00387114,-0.000557433,70000
C_prime,S2,gsib,liquidity_shortfall_bn,0,0,0,0,70000
C_prime,S2,gsib,support_peak_bn,1.53838,1.53838,1.11431,1.96246,70000
C_prime,S2,gsib,support_total_bn,1.53838,1.53838,1.11431,1.96246,70000
C_prime,S2,gsib,annual_cost_m,-1613.04,-1613.04,-2142.26,-1083.82,70000
C_prime,S2,gsib,buffer_gap_pp,16,16,11.6136,20.3864,70000
C_prime,S2,gsib,effective_stigma,0.381246,0,0,0,70000
C_prime,S2,gsib,routine_borrowing_per_quarter,0.1,0,0,0,70000
C_prime,S2,gsib,hesitation_gap_days,-0.468615,,,,1168
C_prime,S2,gsib,false_comfort,0.00221429,0.00221429,0.000557433,0.00387114,70000
C_prime,S2,gsib,needless_borrowing_bn,1.53838,1.53838,1.11431,1.96246,70000
C_prime,S2,gsib,timing_only_upper_bound,155,,,,70000
E,S1,svb_like,survival_rate,0.716357,0.709214,0.693633,0.724796,70000
E,S1,svb_like,liquidity_shortfall_bn,0,0,0,0,70000
E,S1,svb_like,support_peak_bn,74.4427,12.3071,11.8105,12.8037,70000
E,S1,svb_like,support_total_bn,74.4427,12.3071,11.8105,12.8037,70000
E,S1,svb_like,annual_cost_m,7.65315,7.65315,6.26473,9.04156,70000
E,S1,svb_like,effective_stigma,0.291036,-0.0902107,-0.0902107,-0.0902107,70000
E,S1,svb_like,routine_borrowing_per_quarter,1,0.9,0.9,0.9,70000
E,S1,svb_like,hesitation_gap_days,-0.0126,-0.00135,-0.00172073,-0.000979266,70000
E,S1,svb_like,false_comfort,0.283643,-0.709214,-0.724796,-0.693633,70000
E,S1,svb_like,timing_only_upper_bound,14525,,,,70000
E,S1,diversified_regional,survival_rate,1,0.0322429,0.0268461,0.0376396,70000
E,S1,diversified_regional,liquidity_shortfall_bn,0,0,0,0,70000
E,S1,diversified_regional,support_peak_bn,1.69202,0.134149,0.0944174,0.173881,70000
E,S1,diversified_regional,support_total_bn,1.69202,0.134149,0.0944174,0.173881,70000
E,S1,diversified_regional,annual_cost_m,1.54552,1.54552,1.03318,2.05785,70000
E,S1,diversified_regional,effective_stigma,0.291036,-0.0902107,-0.0902107,-0.0902107,70000
E,S1,diversified_regional,routine_borrowing_per_quarter,1,0.9,0.9,0.9,70000
E,S1,diversified_regional,hesitation_gap_days,-0.379353,-0.0361413,-0.0533852,-0.0188975,13626
E,S1,diversified_regional,false_comfort,0,-0.0298143,-0.0350603,-0.0245683,70000
E,S1,diversified_regional,timing_only_upper_bound,0,,,,70000
E,S1,regional_cat3,survival_rate,1,0.0488,0.0424278,0.0551722,70000
E,S1,regional_cat3,liquidity_shortfall_bn,0,0,0,0,70000
E,S1,regional_cat3,support_peak_bn,7.92117,0.479811,0.297593,0.662029,70000
E,S1,regional_cat3,support_total_bn,7.92117,0.479811,0.297593,0.662029,70000
E,S1,regional_cat3,annual_cost_m,5.70982,5.70982,3.83143,7.58822,70000
E,S1,regional_cat3,effective_stigma,0.291036,-0.0902107,-0.0902107,-0.0902107,70000
E,S1,regional_cat3,routine_borrowing_per_quarter,1,0.9,0.9,0.9,70000
E,S1,regional_cat3,hesitation_gap_days,-0.471284,-0.0578271,-0.0683343,-0.04732,17329
E,S1,regional_cat3,false_comfort,0,-0.0488,-0.0551722,-0.0424278,70000
E,S1,regional_cat3,timing_only_upper_bound,0,,,,70000
E,S1,gsib,survival_rate,1,0.0026,0.00129314,0.00390686,70000
E,S1,gsib,liquidity_shortfall_bn,0,0,0,0,70000
E,S1,gsib,support_peak_bn,0.597848,-0.103897,-0.238252,0.0304578,70000
E,S1,gsib,support_total_bn,0.597848,-0.103897,-0.238252,0.0304578,70000
E,S1,gsib,annual_cost_m,19.6023,19.6023,14.3725,24.832,70000
E,S1,gsib,effective_stigma,0.291036,-0.0902107,-0.0902107,-0.0902107,70000
E,S1,gsib,routine_borrowing_per_quarter,1,0.9,0.9,0.9,70000
E,S1,gsib,hesitation_gap_days,-1.02633,0.150345,-0.0232209,0.323911,258
E,S1,gsib,false_comfort,0,-0.0026,-0.00390686,-0.00129314,70000
E,S1,gsib,timing_only_upper_bound,0,,,,70000
E,S2,svb_like,survival_rate,0.812557,0.797771,0.783927,0.811616,70000
E,S2,svb_like,liquidity_shortfall_bn,0,0,0,0,70000
E,S2,svb_like,support_peak_bn,72.4999,22.11,21.4782,22.7419,70000
E,S2,svb_like,support_total_bn,72.4999,22.11,21.4782,22.7419,70000
E,S2,svb_like,annual_cost_m,7.65315,7.65315,6.26473,9.04156,70000
E,S2,svb_like,effective_stigma,0.291036,-0.0902107,-0.0902107,-0.0902107,70000
E,S2,svb_like,routine_borrowing_per_quarter,1,0.9,0.9,0.9,70000
E,S2,svb_like,hesitation_gap_days,-0.0484071,-0.00496429,-0.00563565,-0.00429292,70000
E,S2,svb_like,false_comfort,0.187443,-0.797771,-0.811616,-0.783927,70000
E,S2,svb_like,needless_borrowing_bn,72.4999,22.11,21.4782,22.7419,70000
E,S2,svb_like,timing_only_upper_bound,6389,,,,70000
E,S2,diversified_regional,survival_rate,1,0.000757143,-4.25597e-05,0.00155685,70000
E,S2,diversified_regional,liquidity_shortfall_bn,0,0,0,0,70000
E,S2,diversified_regional,support_peak_bn,0.0484576,0.00384356,-0.00256793,0.0102551,70000
E,S2,diversified_regional,support_total_bn,0.0484576,0.00384356,-0.00256793,0.0102551,70000
E,S2,diversified_regional,annual_cost_m,1.54552,1.54552,1.03318,2.05785,70000
E,S2,diversified_regional,effective_stigma,0.291036,-0.0902107,-0.0902107,-0.0902107,70000
E,S2,diversified_regional,routine_borrowing_per_quarter,1,0.9,0.9,0.9,70000
E,S2,diversified_regional,hesitation_gap_days,-1.05714,0.0360301,-0.154163,0.226223,231
E,S2,diversified_regional,false_comfort,0,-0.000685714,-0.00147682,0.000105394,70000
E,S2,diversified_regional,needless_borrowing_bn,0.0484576,0.00384356,-0.00256793,0.0102551,70000
E,S2,diversified_regional,timing_only_upper_bound,0,,,,70000
E,S2,regional_cat3,survival_rate,1,0.000971429,0.000162081,0.00178078,70000
E,S2,regional_cat3,liquidity_shortfall_bn,0,0,0,0,70000
E,S2,regional_cat3,support_peak_bn,0.359255,0.00978449,-0.0186129,0.0381819,70000
E,S2,regional_cat3,support_total_bn,0.359255,0.00978449,-0.0186129,0.0381819,70000
E,S2,regional_cat3,annual_cost_m,5.70982,5.70982,3.83143,7.58822,70000
E,S2,regional_cat3,effective_stigma,0.291036,-0.0902107,-0.0902107,-0.0902107,70000
E,S2,regional_cat3,routine_borrowing_per_quarter,1,0.9,0.9,0.9,70000
E,S2,regional_cat3,hesitation_gap_days,-0.774694,-0.0200043,-0.116153,0.0761443,672
E,S2,regional_cat3,false_comfort,0,-0.000971429,-0.00178078,-0.000162081,70000
E,S2,regional_cat3,needless_borrowing_bn,0.359255,0.00978449,-0.0186129,0.0381819,70000
E,S2,regional_cat3,timing_only_upper_bound,0,,,,70000
E,S2,gsib,survival_rate,1,0,0,0,70000
E,S2,gsib,liquidity_shortfall_bn,0,0,0,0,70000
E,S2,gsib,support_peak_bn,0,0,0,0,70000
E,S2,gsib,support_total_bn,0,0,0,0,70000
E,S2,gsib,annual_cost_m,19.6023,19.6023,14.3725,24.832,70000
E,S2,gsib,effective_stigma,0.291036,-0.0902107,-0.0902107,-0.0902107,70000
E,S2,gsib,routine_borrowing_per_quarter,1,0.9,0.9,0.9,70000
E,S2,gsib,hesitation_gap_days,,,,,0
E,S2,gsib,false_comfort,0,0,0,0,70000
E,S2,gsib,needless_borrowing_bn,0,0,0,0,70000
E,S2,gsib,timing_only_upper_bound,0,,,,70000
