sensitivity,point,policy,scenario,bank_type,survival,survival_diff,survival_lo,survival_hi,shortfall_bn,shortfall_diff,shortfall_lo,shortfall_hi
leak_probability,0.0,A,S1,svb_like,0.00766667,0.000333333,-0.000214967,0.000881633,0,0,0,0
leak_probability,0.0,A,S1,diversified_regional,0.984833,0.0142222,0.0104587,0.0179857,0,0,0,0
leak_probability,0.0,A,S1,regional_cat3,0.978389,0.0196667,0.0150933,0.02424,0,0,0,0
leak_probability,0.0,A,S1,gsib,0.9985,0.000888889,-5.1627e-05,0.0018294,0,0,0,0
leak_probability,0.0,B,S1,svb_like,0.737333,0.0128333,0.00915394,0.0165127,0,0,0,0
leak_probability,0.0,B,S1,diversified_regional,1,0,0,0,0,0,0,0
leak_probability,0.0,B,S1,regional_cat3,1,0,0,0,0,0,0,0
leak_probability,0.0,B,S1,gsib,1,0,0,0,0,0,0,0
leak_probability,0.0,B_prime,S1,svb_like,0.9565,0.000166667,-0.000107483,0.000440817,0,0,0,0
leak_probability,0.0,B_prime,S1,diversified_regional,1,0,0,0,0,0,0,0
leak_probability,0.0,B_prime,S1,regional_cat3,1,0,0,0,0,0,0,0
leak_probability,0.0,B_prime,S1,gsib,1,0,0,0,0,0,0,0
leak_probability,0.0,C,S1,svb_like,0.00433333,0,0,0,0,0,0,0
leak_probability,0.0,C,S1,diversified_regional,0.9855,0.00883333,0.00568763,0.011979,0,0,0,0
leak_probability,0.0,C,S1,regional_cat3,0.9925,0.012,0.00840985,0.0155901,0,0,0,0
leak_probability,0.0,C,S1,gsib,1,0.00166667,0.000441858,0.00289148,0,0,0,0
leak_probability,0.0,C_prime,S1,svb_like,0.00266667,0,0,0,0,0,0,0
leak_probability,0.0,C_prime,S1,diversified_regional,0.984833,0.0142222,0.0104587,0.0179857,0,0,0,0
leak_probability,0.0,C_prime,S1,regional_cat3,0.720444,0.0186111,0.0141398,0.0230824,0,0,0,0
leak_probability,0.0,C_prime,S1,gsib,0.941222,0.00605556,0.00349119,0.00861992,0,0,0,0
leak_probability,0.0,E,S1,svb_like,0.737333,0.0128333,0.00915394,0.0165127,0,0,0,0
leak_probability,0.0,E,S1,diversified_regional,1,0,0,0,0,0,0,0
leak_probability,0.0,E,S1,regional_cat3,1,0,0,0,0,0,0,0
leak_probability,0.0,E,S1,gsib,1,0,0,0,0,0,0,0
leak_probability,0.0,A,S2,svb_like,0.015,0.0005,-0.00032245,0.00132245,0,0,0,0
leak_probability,0.0,A,S2,diversified_regional,1,0.000666667,-0.000200142,0.00153347,0,0,0,0
leak_probability,0.0,A,S2,regional_cat3,1,0.00144444,0.000146406,0.00274248,0,0,0,0
leak_probability,0.0,A,S2,gsib,1,0,0,0,0,0,0,0
leak_probability,0.0,B,S2,svb_like,0.8355,0.0201667,0.015388,0.0249453,0,0,0,0
leak_probability,0.0,B,S2,diversified_regional,1,0,0,0,0,0,0,0
leak_probability,0.0,B,S2,regional_cat3,1,0,0,0,0,0,0,0
leak_probability,0.0,B,S2,gsib,1,0,0,0,0,0,0,0
leak_probability,0.0,B_prime,S2,svb_like,0.9235,0.00216667,0.000593419,0.00373991,0,0,0,0
leak_probability,0.0,B_prime,S2,diversified_regional,1,0,0,0,0,0,0,0
leak_probability,0.0,B_prime,S2,regional_cat3,1,0,0,0,0,0,0,0
leak_probability,0.0,B_prime,S2,gsib,1,0,0,0,0,0,0,0
leak_probability,0.0,C,S2,svb_like,0.0185,0.001,-0.000162829,0.00216283,0,0,0,0
leak_probability,0.0,C,S2,diversified_regional,1,0.0005,-0.00032245,0.00132245,0,0,0,0
leak_probability,0.0,C,S2,regional_cat3,1,0.0005,-0.000112895,0.0011129,0,0,0,0
leak_probability,0.0,C,S2,gsib,1,0,0,0,0,0,0,0
leak_probability,0.0,C_prime,S2,svb_like,0.00583333,0.0005,-0.00032245,0.00132245,0,0,0,0
leak_probability,0.0,C_prime,S2,diversified_regional,1,0.000666667,-0.000200142,0.00153347,0,0,0,0
leak_probability,0.0,C_prime,S2,regional_cat3,0.968,0.00844444,0.00536303,0.0115259,0,0,0,0
leak_probability,0.0,C_prime,S2,gsib,0.998,0,0,0,0,0,0,0
leak_probability,0.0,E,S2,svb_like,0.8355,0.0201667,0.015388,0.0249453,0,0,0,0
leak_probability,0.0,E,S2,diversified_regional,1,0,0,0,0,0,0,0
leak_probability,0.0,E,S2,regional_cat3,1,0,0,0,0,0,0,0
leak_probability,0.0,E,S2,gsib,1,0,0,0,0,0,0,0
leak_probability,0.5,A,S1,svb_like,0.00666667,-0.000666667,-0.00153347,0.000200142,0,0,0,0
leak_probability,0.5,A,S1,diversified_regional,0.944667,-0.0259444,-0.0310713,-0.0208176,0,0,0,0
leak_probability,0.5,A,S1,regional_cat3,0.929778,-0.0289444,-0.0342784,-0.0236105,0,0,0,0
leak_probability,0.5,A,S1,gsib,0.996389,-0.00122222,-0.00217984,-0.000264601,0,0,0,0
leak_probability,0.5,B,S1,svb_like,0.700667,-0.0238333,-0.0289545,-0.0187122,0,0,0,0
leak_probability,0.5,B,S1,diversified_regional,1,0,0,0,0,0,0,0
leak_probability,0.5,B,S1,regional_cat3,1,0,0,0,0,0,0,0
leak_probability,0.5,B,S1,gsib,1,0,0,0,0,0,0,0
leak_probability,0.5,B_prime,S1,svb_like,0.956,-0.000333333,-0.000720943,5.42763e-05,0,0,0,0
leak_probability,0.5,B_prime,S1,diversified_regional,1,0,0,0,0,0,0,0
leak_probability,0.5,B_prime,S1,regional_cat3,1,0,0,0,0,0,0,0
leak_probability,0.5,B_prime,S1,gsib,1,0,0,0,0,0,0,0
leak_probability,0.5,C,S1,svb_like,0.00433333,0,0,0,0,0,0,0
leak_probability,0.5,C,S1,diversified_regional,0.960333,-0.0163333,-0.0205921,-0.0120746,0,0,0,0
leak_probability,0.5,C,S1,regional_cat3,0.960333,-0.0201667,-0.0249137,-0.0154196,0,0,0,0
leak_probability,0.5,C,S1,gsib,0.995667,-0.00266667,-0.00430905,-0.00102428,0,0,0,0
leak_probability,0.5,C_prime,S1,svb_like,0.00266667,0,0,0,0,0,0,0
leak_probability,0.5,C_prime,S1,diversified_regional,0.944667,-0.0259444,-0.0310713,-0.0208176,0,0,0,0
leak_probability,0.5,C_prime,S1,regional_cat3,0.675722,-0.0261111,-0.0313521,-0.0208701,0,0,0,0
leak_probability,0.5,C_prime,S1,gsib,0.926667,-0.0085,-0.0115057,-0.00549429,0,0,0,0
leak_probability,0.5,E,S1,svb_like,0.700667,-0.0238333,-0.0289545,-0.0187122,0,0,0,0
leak_probability,0.5,E,S1,diversified_regional,1,0,0,0,0,0,0,0
leak_probability,0.5,E,S1,regional_cat3,1,0,0,0,0,0,0,0
leak_probability,0.5,E,S1,gsib,1,0,0,0,0,0,0,0
leak_probability,0.5,A,S2,svb_like,0.0138333,-0.000666667,-0.00133791,4.58094e-06,0,0,0,0
leak_probability,0.5,A,S2,diversified_regional,0.998167,-0.00116667,-0.00236119,2.78534e-05,0,0,0,0
leak_probability,0.5,A,S2,regional_cat3,0.9955,-0.00305556,-0.00500207,-0.00110904,0,0,0,0
leak_probability,0.5,A,S2,gsib,1,0,0,0,0,0,0,0
leak_probability,0.5,B,S2,svb_like,0.791167,-0.0241667,-0.0296544,-0.018679,0,0,0,0
leak_probability,0.5,B,S2,diversified_regional,1,0,0,0,0,0,0,0
leak_probability,0.5,B,S2,regional_cat3,1,0,0,0,0,0,0,0
leak_probability,0.5,B,S2,gsib,1,0,0,0,0,0,0,0
leak_probability,0.5,B_prime,S2,svb_like,0.9165,-0.00483333,-0.00723301,-0.00243365,0,0,0,0
leak_probability,0.5,B_prime,S2,diversified_regional,1,0,0,0,0,0,0,0
leak_probability,0.5,B_prime,S2,regional_cat3,1,0,0,0,0,0,0,0
leak_probability,0.5,B_prime,S2,gsib,1,0,0,0,0,0,0,0
leak_probability,0.5,C,S2,svb_like,0.0161667,-0.00133333,-0.0026186,-4.807e-05,0,0,0,0
leak_probability,0.5,C,S2,diversified_regional,0.998667,-0.000833333,-0.00182157,0.0001549,0,0,0,0
leak_probability,0.5,C,S2,regional_cat3,0.997333,-0.00216667,-0.00383277,-0.000500566,0,0,0,0
leak_probability,0.5,C,S2,gsib,1,0,0,0,0,0,0,0
leak_probability,0.5,C_prime,S2,svb_like,0.00466667,-0.000666667,-0.00133791,4.58094e-06,0,0,0,0
leak_probability,0.5,C_prime,S2,diversified_regional,0.998167,-0.00116667,-0.00236119,2.78534e-05,0,0,0,0
leak_probability,0.5,C_prime,S2,regional_cat3,0.951556,-0.008,-0.0109159,-0.00508411,0,0,0,0
leak_probability,0.5,C_prime,S2,gsib,0.997333,-0.000666667,-0.00153347,0.000200142,0,0,0,0
leak_probability,0.5,E,S2,svb_like,0.791167,-0.0241667,-0.0296544,-0.018679,0,0,0,0
leak_probability,0.5,E,S2,diversified_regional,1,0,0,0,0,0,0,0
leak_probability,0.5,E,S2,regional_cat3,1,0,0,0,0,0,0,0
leak_probability,0.5,E,S2,gsib,1,0,0,0,0,0,0,0
leak_lag_days,0,A,S1,svb_like,0.00733333,0,0,0,0,0,0,0
leak_lag_days,0,A,S1,diversified_regional,0.968667,-0.00194444,-0.00315152,-0.000737372,0,0,0,0
leak_lag_days,0,A,S1,regional_cat3,0.956222,-0.0025,-0.00410414,-0.00089586,0,0,0,0
leak_lag_days,0,A,S1,gsib,0.997278,-0.000333333,-0.000881633,0.000214967,0,0,0,0
leak_lag_days,0,B,S1,svb_like,0.729167,0.00466667,0.00231401,0.00701933,0,0,0,0
leak_lag_days,0,B,S1,diversified_regional,1,0,0,0,0,0,0,0
leak_lag_days,0,B,S1,regional_cat3,1,0,0,0,0,0,0,0
leak_lag_days,0,B,S1,gsib,1,0,0,0,0,0,0,0
leak_lag_days,0,B_prime,S1,svb_like,0.958667,0.00233333,0.000992688,0.00367398,0,0,0,0
leak_lag_days,0,B_prime,S1,diversified_regional,1,0,0,0,0,0,0,0
leak_lag_days,0,B_prime,S1,regional_cat3,1,0,0,0,0,0,0,0
leak_lag_days,0,B_prime,S1,gsib,1,0,0,0,0,0,0,0
leak_lag_days,0,C,S1,svb_like,0.00433333,0,0,0,0,0,0,0
leak_lag_days,0,C,S1,diversified_regional,0.975833,-0.000833333,-0.00165542,-1.12491e-05,0,0,0,0
leak_lag_days,0,C,S1,regional_cat3,0.975333,-0.00516667,-0.00756541,-0.00276793,0,0,0,0
leak_lag_days,0,C,S1,gsib,0.997667,-0.000666667,-0.00153347,0.000200142,0,0,0,0
leak_lag_days,0,C_prime,S1,svb_like,0.00266667,0,0,0,0,0,0,0
leak_lag_days,0,C_prime,S1,diversified_regional,0.968667,-0.00194444,-0.00315152,-0.000737372,0,0,0,0
leak_lag_days,0,C_prime,S1,regional_cat3,0.697278,-0.00455556,-0.00674671,-0.0023644,0,0,0,0
leak_lag_days,0,C_prime,S1,gsib,0.932222,-0.00294444,-0.00461894,-0.00126995,0,0,0,0
leak_lag_days,0,E,S1,svb_like,0.729167,0.00466667,0.00231401,0.00701933,0,0,0,0
leak_lag_days,0,E,S1,diversified_regional,1,0,0,0,0,0,0,0
leak_lag_days,0,E,S1,regional_cat3,1,0,0,0,0,0,0,0
leak_lag_days,0,E,S1,gsib,1,0,0,0,0,0,0,0
leak_lag_days,0,A,S2,svb_like,0.0143333,-0.000166667,-0.000440817,0.000107483,0,0,0,0
leak_lag_days,0,A,S2,diversified_regional,0.999333,0,0,0,0,0,0,0
leak_lag_days,0,A,S2,regional_cat3,0.997944,-0.000611111,-0.00139176,0.00016954,0,0,0,0
leak_lag_days,0,A,S2,gsib,1,0,0,0,0,0,0,0
leak_lag_days,0,B,S2,svb_like,0.8145,-0.000833333,-0.0024083,0.000741634,0,0,0,0
leak_lag_days,0,B,S2,diversified_regional,1,0,0,0,0,0,0,0
leak_lag_days,0,B,S2,regional_cat3,1,0,0,0,0,0,0,0
leak_lag_days,0,B,S2,gsib,1,0,0,0,0,0,0,0
leak_lag_days,0,B_prime,S2,svb_like,0.926167,0.00483333,0.00249717,0.0071695,0,0,0,0
leak_lag_days,0,B_prime,S2,diversified_regional,1,0,0,0,0,0,0,0
leak_lag_days,0,B_prime,S2,regional_cat3,1,0,0,0,0,0,0,0
leak_lag_days,0,B_prime,S2,gsib,1,0,0,0,0,0,0,0
leak_lag_days,0,C,S2,svb_like,0.0175,0,0,0,0,0,0,0
leak_lag_days,0,C,S2,diversified_regional,0.9995,0,0,0,0,0,0,0
leak_lag_days,0,C,S2,regional_cat3,0.996,-0.0035,-0.0055663,-0.0014337,0,0,0,0
leak_lag_days,0,C,S2,gsib,1,0,0,0,0,0,0,0
leak_lag_days,0,C_prime,S2,svb_like,0.00533333,0,0,0,0,0,0,0
leak_lag_days,0,C_prime,S2,diversified_regional,0.999333,0,0,0,0,0,0,0
leak_lag_days,0,C_prime,S2,regional_cat3,0.956722,-0.00283333,-0.00458609,-0.00108057,0,0,0,0
leak_lag_days,0,C_prime,S2,gsib,0.996667,-0.00133333,-0.00255869,-0.000107972,0,0,0,0
leak_lag_days,0,E,S2,svb_like,0.8145,-0.000833333,-0.0024083,0.000741634,0,0,0,0
leak_lag_days,0,E,S2,diversified_regional,1,0,0,0,0,0,0,0
leak_lag_days,0,E,S2,regional_cat3,1,0,0,0,0,0,0,0
leak_lag_days,0,E,S2,gsib,1,0,0,0,0,0,0,0
leak_lag_days,5,A,S1,svb_like,0.00766667,0.000333333,-0.000214967,0.000881633,0,0,0,0
leak_lag_days,5,A,S1,diversified_regional,0.984833,0.0142222,0.0104587,0.0179857,0,0,0,0
leak_lag_days,5,A,S1,regional_cat3,0.978333,0.0196111,0.0150383,0.0241839,0,0,0,0
leak_lag_days,5,A,S1,gsib,0.9985,0.000888889,-5.1627e-05,0.0018294,0,0,0,0
leak_lag_days,5,B,S1,svb_like,0.737333,0.0128333,0.00915394,0.0165127,0,0,0,0
leak_lag_days,5,B,S1,diversified_regional,1,0,0,0,0,0,0,0
leak_lag_days,5,B,S1,regional_cat3,1,0,0,0,0,0,0,0
leak_lag_days,5,B,S1,gsib,1,0,0,0,0,0,0,0
leak_lag_days,5,B_prime,S1,svb_like,0.9565,0.000166667,-0.000107483,0.000440817,0,0,0,0
leak_lag_days,5,B_prime,S1,diversified_regional,1,0,0,0,0,0,0,0
leak_lag_days,5,B_prime,S1,regional_cat3,1,0,0,0,0,0,0,0
leak_lag_days,5,B_prime,S1,gsib,1,0,0,0,0,0,0,0
leak_lag_days,5,C,S1,svb_like,0.00433333,0,0,0,0,0,0,0
leak_lag_days,5,C,S1,diversified_regional,0.9855,0.00883333,0.00568763,0.011979,0,0,0,0
leak_lag_days,5,C,S1,regional_cat3,0.9925,0.012,0.00840985,0.0155901,0,0,0,0
leak_lag_days,5,C,S1,gsib,1,0.00166667,0.000441858,0.00289148,0,0,0,0
leak_lag_days,5,C_prime,S1,svb_like,0.00266667,0,0,0,0,0,0,0
leak_lag_days,5,C_prime,S1,diversified_regional,0.984833,0.0142222,0.0104587,0.0179857,0,0,0,0
leak_lag_days,5,C_prime,S1,regional_cat3,0.720444,0.0186111,0.0141398,0.0230824,0,0,0,0
leak_lag_days,5,C_prime,S1,gsib,0.941167,0.006,0.00343709,0.00856291,0,0,0,0
leak_lag_days,5,E,S1,svb_like,0.737333,0.0128333,0.00915394,0.0165127,0,0,0,0
leak_lag_days,5,E,S1,diversified_regional,1,0,0,0,0,0,0,0
leak_lag_days,5,E,S1,regional_cat3,1,0,0,0,0,0,0,0
leak_lag_days,5,E,S1,gsib,1,0,0,0,0,0,0,0
leak_lag_days,5,A,S2,svb_like,0.015,0.0005,-0.00032245,0.00132245,0,0,0,0
leak_lag_days,5,A,S2,diversified_regional,1,0.000666667,-0.000200142,0.00153347,0,0,0,0
leak_lag_days,5,A,S2,regional_cat3,1,0.00144444,0.000146406,0.00274248,0,0,0,0
leak_lag_days,5,A,S2,gsib,1,0,0,0,0,0,0,0
leak_lag_days,5,B,S2,svb_like,0.8355,0.0201667,0.015388,0.0249453,0,0,0,0
leak_lag_days,5,B,S2,diversified_regional,1,0,0,0,0,0,0,0
leak_lag_days,5,B,S2,regional_cat3,1,0,0,0,0,0,0,0
leak_lag_days,5,B,S2,gsib,1,0,0,0,0,0,0,0
leak_lag_days,5,B_prime,S2,svb_like,0.9235,0.00216667,0.000593419,0.00373991,0,0,0,0
leak_lag_days,5,B_prime,S2,diversified_regional,1,0,0,0,0,0,0,0
leak_lag_days,5,B_prime,S2,regional_cat3,1,0,0,0,0,0,0,0
leak_lag_days,5,B_prime,S2,gsib,1,0,0,0,0,0,0,0
leak_lag_days,5,C,S2,svb_like,0.0185,0.001,-0.000162829,0.00216283,0,0,0,0
leak_lag_days,5,C,S2,diversified_regional,1,0.0005,-0.00032245,0.00132245,0,0,0,0
leak_lag_days,5,C,S2,regional_cat3,1,0.0005,-0.000112895,0.0011129,0,0,0,0
leak_lag_days,5,C,S2,gsib,1,0,0,0,0,0,0,0
leak_lag_days,5,C_prime,S2,svb_like,0.00583333,0.0005,-0.00032245,0.00132245,0,0,0,0
leak_lag_days,5,C_prime,S2,diversified_regional,1,0.000666667,-0.000200142,0.00153347,0,0,0,0
leak_lag_days,5,C_prime,S2,regional_cat3,0.968,0.00844444,0.00536303,0.0115259,0,0,0,0
leak_lag_days,5,C_prime,S2,gsib,0.998,0,0,0,0,0,0,0
leak_lag_days,5,E,S2,svb_like,0.8355,0.0201667,0.015388,0.0249453,0,0,0,0
leak_lag_days,5,E,S2,diversified_regional,1,0,0,0,0,0,0,0
leak_lag_days,5,E,S2,regional_cat3,1,0,0,0,0,0,0,0
leak_lag_days,5,E,S2,gsib,1,0,0,0,0,0,0,0
c_ceiling,0.15,C,S1,svb_like,0.0103333,0.006,0.0031588,0.0088412,0,0,0,0
c_ceiling,0.15,C,S1,diversified_regional,0.976667,0,0,0,0,0,0,0
c_ceiling,0.15,C,S1,regional_cat3,0.983,0.0025,0.00107809,0.00392191,0,0,0,0
c_ceiling,0.15,C,S1,gsib,0.999333,0.001,-2.53721e-05,0.00202537,0,0,0,0
c_ceiling,0.15,C_prime,S1,svb_like,0.00266667,0,0,0,0,0,0,0
c_ceiling,0.15,C_prime,S1,diversified_regional,0.970611,0,0,0,0,0,0,0
c_ceiling,0.15,C_prime,S1,regional_cat3,0.794889,0.0930556,0.0823942,0.103717,0,0,0,0
c_ceiling,0.15,C_prime,S1,gsib,0.973444,0.0382778,0.0312784,0.0452772,0,0,0,0
c_ceiling,0.15,C,S2,svb_like,0.029,0.0115,0.00757743,0.0154226,0,0,0,0
c_ceiling,0.15,C,S2,diversified_regional,0.9995,0,0,0,0,0,0,0
c_ceiling,0.15,C,S2,regional_cat3,0.999667,0.000166667,-0.000107483,0.000440817,0,0,0,0
c_ceiling,0.15,C,S2,gsib,1,0,0,0,0,0,0,0
c_ceiling,0.15,C_prime,S2,svb_like,0.00633333,0.001,-0.000162829,0.00216283,0,0,0,0
c_ceiling,0.15,C_prime,S2,diversified_regional,0.999333,0,0,0,0,0,0,0
c_ceiling,0.15,C_prime,S2,regional_cat3,0.983833,0.0242778,0.0186971,0.0298584,0,0,0,0
c_ceiling,0.15,C_prime,S2,gsib,1,0.002,0.000356335,0.00364367,0,0,0,0
c_ceiling,0.25,C,S1,svb_like,0.00383333,-0.0005,-0.00132245,0.00032245,0,0,0,0
c_ceiling,0.25,C,S1,diversified_regional,0.976667,0,0,0,0,0,0,0
c_ceiling,0.25,C,S1,regional_cat3,0.977833,-0.00266667,-0.00435421,-0.000979119,0,0,0,0
c_ceiling,0.25,C,S1,gsib,0.997833,-0.0005,-0.0011129,0.000112895,0,0,0,0
c_ceiling,0.25,C_prime,S1,svb_like,0.00266667,0,0,0,0,0,0,0
c_ceiling,0.25,C_prime,S1,diversified_regional,0.970611,0,0,0,0,0,0,0
c_ceiling,0.25,C_prime,S1,regional_cat3,0.618944,-0.0828889,-0.0931406,-0.0726371,0,0,0,0
c_ceiling,0.25,C_prime,S1,gsib,0.884778,-0.0503889,-0.0585756,-0.0422022,0,0,0,0
c_ceiling,0.25,C,S2,svb_like,0.0125,-0.005,-0.00807259,-0.00192741,0,0,0,0
c_ceiling,0.25,C,S2,diversified_regional,0.9995,0,0,0,0,0,0,0
c_ceiling,0.25,C,S2,regional_cat3,0.998833,-0.000666667,-0.00144189,0.000108553,0,0,0,0
c_ceiling,0.25,C,S2,gsib,1,0,0,0,0,0,0,0
c_ceiling,0.25,C_prime,S2,svb_like,0.00583333,0.0005,-0.00032245,0.00132245,0,0,0,0
c_ceiling,0.25,C_prime,S2,diversified_regional,0.999333,0,0,0,0,0,0,0
c_ceiling,0.25,C_prime,S2,regional_cat3,0.930222,-0.0293333,-0.0356388,-0.0230279,0,0,0,0
c_ceiling,0.25,C_prime,S2,gsib,0.993778,-0.00422222,-0.00657247,-0.00187198,0,0,0,0
c_uptake,0.5,C,S1,svb_like,0.00692857,0.00264286,-7.37007e-05,0.00535941,0,0,0,0
c_uptake,0.5,C,S1,diversified_regional,0.973157,-0.00218571,-0.0028427,-0.00152873,0,0,0,0
c_uptake,0.5,C,S1,regional_cat3,0.967629,-0.0113,-0.0147541,-0.00784587,0,0,0,0
c_uptake,0.5,C,S1,gsib,0.9995,0.0015,0.000525348,0.00247465,0,0,0,0
c_uptake,0.5,C_prime,S1,svb_like,0.00664286,0.004,0.00176265,0.00623735,0,0,0,0
c_uptake,0.5,C_prime,S1,diversified_regional,0.967757,0,0,0,0,0,0,0
c_uptake,0.5,C_prime,S1,regional_cat3,0.871443,0.1749,0.161551,0.188249,0,0,0,0
c_uptake,0.5,C_prime,S1,gsib,0.950529,0.0169571,0.0127705,0.0211437,0,0,0,0
c_uptake,0.5,C,S2,svb_like,0.009,-0.00864286,-0.012693,-0.00459272,0,0,0,0
c_uptake,0.5,C,S2,diversified_regional,0.999371,-0.000128571,-0.000278999,2.18561e-05,0,0,0,0
c_uptake,0.5,C,S2,regional_cat3,0.9991,-0.0004,-0.000881473,8.1473e-05,0,0,0,0
c_uptake,0.5,C,S2,gsib,1,0,0,0,0,0,0,0
c_uptake,0.5,C_prime,S2,svb_like,0.00735714,0.002,0.000356335,0.00364367,0,0,0,0
c_uptake,0.5,C_prime,S2,diversified_regional,0.999243,0,0,0,0,0,0,0
c_uptake,0.5,C_prime,S2,regional_cat3,0.994829,0.0348857,0.0285318,0.0412397,0,0,0,0
c_uptake,0.5,C_prime,S2,gsib,0.997786,0,0,0,0,0,0,0
c_uptake,1.0,C,S1,svb_like,0.002,-0.00228571,-0.0043532,-0.000218231,0,0,0,0
c_uptake,1.0,C,S1,diversified_regional,0.977329,0.00198571,0.00135971,0.00261172,0,0,0,0
c_uptake,1.0,C,S1,regional_cat3,0.987929,0.009,0.00584641,0.0121536,0,0,0,0
c_uptake,1.0,C,S1,gsib,0.998429,0.000428571,0.000141134,0.000716009,0,0,0,0
c_uptake,1.0,C_prime,S1,svb_like,0,-0.00264286,-0.0044647,-0.000821014,0,0,0,0
c_uptake,1.0,C_prime,S1,diversified_regional,0.967757,0,0,0,0,0,0,0
c_uptake,1.0,C_prime,S1,regional_cat3,0.635329,-0.0612143,-0.0696615,-0.0527671,0,0,0,0
c_uptake,1.0,C_prime,S1,gsib,0.929471,-0.0041,-0.00634241,-0.00185759,0,0,0,0
c_uptake,1.0,C,S2,svb_like,0.0195,0.00185714,-0.00211376,0.00582804,0,0,0,0
c_uptake,1.0,C,S2,diversified_regional,0.999571,7.14286e-05,-4.60643e-05,0.000188921,0,0,0,0
c_uptake,1.0,C,S2,regional_cat3,0.999214,-0.000285714,-0.00101009,0.000438665,0,0,0,0
c_uptake,1.0,C,S2,gsib,1,0,0,0,0,0,0,0
c_uptake,1.0,C_prime,S2,svb_like,0.0005,-0.00485714,-0.00733262,-0.00238167,0,0,0,0
c_uptake,1.0,C_prime,S2,diversified_regional,0.999243,0,0,0,0,0,0,0
c_uptake,1.0,C_prime,S2,regional_cat3,0.944971,-0.0149714,-0.0192288,-0.010714,0,0,0,0
c_uptake,1.0,C_prime,S2,gsib,0.997786,0,0,0,0,0,0,0
c_hqla_released,0.0,C,S1,svb_like,0.0776667,0.0733333,0.0637663,0.0829004,0,0,0,0
c_hqla_released,0.0,C,S1,diversified_regional,0.976667,0,0,0,0,0,0,0
c_hqla_released,0.0,C,S1,regional_cat3,0.990833,0.0103333,0.00704182,0.0136248,0,0,0,0
c_hqla_released,0.0,C,S1,gsib,1,0.00166667,0.000441858,0.00289148,0,0,0,0
c_hqla_released,0.0,C_prime,S1,svb_like,0.00983333,0.00716667,0.00408765,0.0102457,0,0,0,0
c_hqla_released,0.0,C_prime,S1,diversified_regional,0.970611,0,0,0,0,0,0,0
c_hqla_released,0.0,C_prime,S1,regional_cat3,0.958722,0.256889,0.241127,0.27265,0,0,0,0
c_hqla_released,0.0,C_prime,S1,gsib,0.997611,0.0624444,0.0536817,0.0712072,0,0,0,0
c_hqla_released,0.0,C,S2,svb_like,0.0898333,0.0723333,0.0627953,0.0818713,0,0,0,0
c_hqla_released,0.0,C,S2,diversified_regional,0.9995,0,0,0,0,0,0,0
c_hqla_released,0.0,C,S2,regional_cat3,1,0.0005,-0.000112895,0.0011129,0,0,0,0
c_hqla_released,0.0,C,S2,gsib,1,0,0,0,0,0,0,0
c_hqla_released,0.0,C_prime,S2,svb_like,0.0155,0.0101667,0.00649644,0.0138369,0,0,0,0
c_hqla_released,0.0,C_prime,S2,diversified_regional,0.999333,0,0,0,0,0,0,0
c_hqla_released,0.0,C_prime,S2,regional_cat3,0.998556,0.039,0.0321539,0.0458461,0,0,0,0
c_hqla_released,0.0,C_prime,S2,gsib,1,0.002,0.000356335,0.00364367,0,0,0,0
c_hqla_released,0.5,C,S1,svb_like,0.0236667,0.0193333,0.0142824,0.0243843,0,0,0,0
c_hqla_released,0.5,C,S1,diversified_regional,0.976667,0,0,0,0,0,0,0
c_hqla_released,0.5,C,S1,regional_cat3,0.9875,0.007,0.00438243,0.00961757,0,0,0,0
c_hqla_released,0.5,C,S1,gsib,0.9995,0.00116667,0.00010549,0.00222784,0,0,0,0
c_hqla_released,0.5,C_prime,S1,svb_like,0.00466667,0.002,0.000356335,0.00364367,0,0,0,0
c_hqla_released,0.5,C_prime,S1,diversified_regional,0.970611,0,0,0,0,0,0,0
c_hqla_released,0.5,C_prime,S1,regional_cat3,0.879889,0.178056,0.164263,0.191848,0,0,0,0
c_hqla_released,0.5,C_prime,S1,gsib,0.990833,0.0556667,0.0473623,0.0639711,0,0,0,0
c_hqla_released,0.5,C,S2,svb_like,0.0445,0.027,0.0210369,0.0329631,0,0,0,0
c_hqla_released,0.5,C,S2,diversified_regional,0.9995,0,0,0,0,0,0,0
c_hqla_released,0.5,C,S2,regional_cat3,0.999667,0.000166667,-0.000107483,0.000440817,0,0,0,0
c_hqla_released,0.5,C,S2,gsib,1,0,0,0,0,0,0,0
c_hqla_released,0.5,C_prime,S2,svb_like,0.00983333,0.0045,0.00203759,0.00696241,0,0,0,0
c_hqla_released,0.5,C_prime,S2,diversified_regional,0.999333,0,0,0,0,0,0,0
c_hqla_released,0.5,C_prime,S2,regional_cat3,0.993944,0.0343889,0.0278462,0.0409316,0,0,0,0
c_hqla_released,0.5,C_prime,S2,gsib,1,0.002,0.000356335,0.00364367,0,0,0,0
c_stress_trigger,fires_day_1,C,S1,svb_like,0.00433333,0,0,0,0,0,0,0
c_stress_trigger,fires_day_1,C,S1,diversified_regional,0.976667,0,0,0,0,0,0,0
c_stress_trigger,fires_day_1,C,S1,regional_cat3,0.9805,0,0,0,0,0,0,0
c_stress_trigger,fires_day_1,C,S1,gsib,0.998333,0,0,0,0,0,0,0
c_stress_trigger,fires_day_1,C_prime,S1,svb_like,0.00266667,0,0,0,0,0,0,0
c_stress_trigger,fires_day_1,C_prime,S1,diversified_regional,0.970611,0,0,0,0,0,0,0
c_stress_trigger,fires_day_1,C_prime,S1,regional_cat3,0.701833,0,0,0,0,0,0,0
c_stress_trigger,fires_day_1,C_prime,S1,gsib,0.935167,0,0,0,0,0,0,0
collateral_margins_pp,-5,A,S1,svb_like,0.00483333,-0.0025,-0.00433721,-0.000662787,0,0,0,0
collateral_margins_pp,-5,A,S1,diversified_regional,0.970611,0,0,0,0,0,0,0
collateral_margins_pp,-5,A,S1,regional_cat3,0.958722,0,0,0,0,0,0,0
collateral_margins_pp,-5,A,S1,gsib,0.997611,0,0,0,0,0,0,0
collateral_margins_pp,-5,B,S1,svb_like,0.6515,-0.073,-0.0816806,-0.0643194,0,0,0,0
collateral_margins_pp,-5,B,S1,diversified_regional,1,0,0,0,0,0,0,0
collateral_margins_pp,-5,B,S1,regional_cat3,1,0,0,0,0,0,0,0
collateral_margins_pp,-5,B,S1,gsib,1,0,0,0,0,0,0,0
collateral_margins_pp,-5,B_prime,S1,svb_like,0.956333,0,0,0,0,0,0,0
collateral_margins_pp,-5,B_prime,S1,diversified_regional,1,0,0,0,0,0,0,0
collateral_margins_pp,-5,B_prime,S1,regional_cat3,1,0,0,0,0,0,0,0
collateral_margins_pp,-5,B_prime,S1,gsib,1,0,0,0,0,0,0,0
collateral_margins_pp,-5,C,S1,svb_like,0.00383333,-0.0005,-0.00132245,0.00032245,0,0,0,0
collateral_margins_pp,-5,C,S1,diversified_regional,0.976667,0,0,0,0,0,0,0
collateral_margins_pp,-5,C,S1,regional_cat3,0.978167,-0.00233333,-0.00392998,-0.000736684,0,0,0,0
collateral_margins_pp,-5,C,S1,gsib,0.998167,-0.000166667,-0.000440817,0.000107483,0,0,0,0
collateral_margins_pp,-5,C_prime,S1,svb_like,0.00216667,-0.0005,-0.00132245,0.00032245,0,0,0,0
collateral_margins_pp,-5,C_prime,S1,diversified_regional,0.970611,0,0,0,0,0,0,0
collateral_margins_pp,-5,C_prime,S1,regional_cat3,0.701333,-0.0005,-0.00132245,0.00032245,0,0,0,0
collateral_margins_pp,-5,C_prime,S1,gsib,0.935167,0,0,0,0,0,0,0
collateral_margins_pp,-5,E,S1,svb_like,0.6515,-0.073,-0.0816806,-0.0643194,0,0,0,0
collateral_margins_pp,-5,E,S1,diversified_regional,1,0,0,0,0,0,0,0
collateral_margins_pp,-5,E,S1,regional_cat3,1,0,0,0,0,0,0,0
collateral_margins_pp,-5,E,S1,gsib,1,0,0,0,0,0,0,0
collateral_margins_pp,-5,A,S2,svb_like,0.0105,-0.004,-0.00625647,-0.00174353,0,0,0,0
collateral_margins_pp,-5,A,S2,diversified_regional,0.999333,0,0,0,0,0,0,0
collateral_margins_pp,-5,A,S2,regional_cat3,0.998556,0,0,0,0,0,0,0
collateral_margins_pp,-5,A,S2,gsib,1,0,0,0,0,0,0,0
collateral_margins_pp,-5,B,S2,svb_like,0.757833,-0.0575,-0.065483,-0.049517,0,0,0,0
collateral_margins_pp,-5,B,S2,diversified_regional,1,0,0,0,0,0,0,0
collateral_margins_pp,-5,B,S2,regional_cat3,1,0,0,0,0,0,0,0
collateral_margins_pp,-5,B,S2,gsib,1,0,0,0,0,0,0,0
collateral_margins_pp,-5,B_prime,S2,svb_like,0.921333,0,0,0,0,0,0,0
collateral_margins_pp,-5,B_prime,S2,diversified_regional,1,0,0,0,0,0,0,0
collateral_margins_pp,-5,B_prime,S2,regional_cat3,1,0,0,0,0,0,0,0
collateral_margins_pp,-5,B_prime,S2,gsib,1,0,0,0,0,0,0,0
collateral_margins_pp,-5,C,S2,svb_like,0.0158333,-0.00166667,-0.0031164,-0.000216935,0,0,0,0
collateral_margins_pp,-5,C,S2,diversified_regional,0.9995,0,0,0,0,0,0,0
collateral_margins_pp,-5,C,S2,regional_cat3,0.998833,-0.000666667,-0.00144189,0.000108553,0,0,0,0
collateral_margins_pp,-5,C,S2,gsib,1,0,0,0,0,0,0,0
collateral_margins_pp,-5,C_prime,S2,svb_like,0.00383333,-0.0015,-0.00281395,-0.000186052,0,0,0,0
collateral_margins_pp,-5,C_prime,S2,diversified_regional,0.999333,0,0,0,0,0,0,0
collateral_margins_pp,-5,C_prime,S2,regional_cat3,0.959056,-0.0005,-0.00132245,0.00032245,0,0,0,0
collateral_margins_pp,-5,C_prime,S2,gsib,0.998,0,0,0,0,0,0,0
collateral_margins_pp,-5,E,S2,svb_like,0.757833,-0.0575,-0.065483,-0.049517,0,0,0,0
collateral_margins_pp,-5,E,S2,diversified_regional,1,0,0,0,0,0,0,0
collateral_margins_pp,-5,E,S2,regional_cat3,1,0,0,0,0,0,0,0
collateral_margins_pp,-5,E,S2,gsib,1,0,0,0,0,0,0,0
collateral_margins_pp,5,A,S1,svb_like,0.01,0.00266667,0.000850354,0.00448298,0,0,0,0
collateral_margins_pp,5,A,S1,diversified_regional,0.970611,0,0,0,0,0,0,0
collateral_margins_pp,5,A,S1,regional_cat3,0.958722,0,0,0,0,0,0,0
collateral_margins_pp,5,A,S1,gsib,0.997611,0,0,0,0,0,0,0
collateral_margins_pp,5,B,S1,svb_like,0.777,0.0525,0.0447955,0.0602045,0,0,0,0
collateral_margins_pp,5,B,S1,diversified_regional,1,0,0,0,0,0,0,0
collateral_margins_pp,5,B,S1,regional_cat3,1,0,0,0,0,0,0,0
collateral_margins_pp,5,B,S1,gsib,1,0,0,0,0,0,0,0
collateral_margins_pp,5,B_prime,S1,svb_like,0.956333,0,0,0,0,0,0,0
collateral_margins_pp,5,B_prime,S1,diversified_regional,1,0,0,0,0,0,0,0
collateral_margins_pp,5,B_prime,S1,regional_cat3,1,0,0,0,0,0,0,0
collateral_margins_pp,5,B_prime,S1,gsib,1,0,0,0,0,0,0,0
collateral_margins_pp,5,C,S1,svb_like,0.008,0.00366667,0.00147707,0.00585626,0,0,0,0
collateral_margins_pp,5,C,S1,diversified_regional,0.976667,0,0,0,0,0,0,0
collateral_margins_pp,5,C,S1,regional_cat3,0.982333,0.00183333,0.000639947,0.00302672,0,0,0,0
collateral_margins_pp,5,C,S1,gsib,0.9985,0.000166667,-0.000107483,0.000440817,0,0,0,0
collateral_margins_pp,5,C_prime,S1,svb_like,0.00383333,0.00116667,3.68496e-05,0.00229648,0,0,0,0
collateral_margins_pp,5,C_prime,S1,diversified_regional,0.970611,0,0,0,0,0,0,0
collateral_margins_pp,5,C_prime,S1,regional_cat3,0.702167,0.000333333,-0.000214967,0.000881633,0,0,0,0
collateral_margins_pp,5,C_prime,S1,gsib,0.935167,0,0,0,0,0,0,0
collateral_margins_pp,5,E,S1,svb_like,0.777,0.0525,0.0447955,0.0602045,0,0,0,0
collateral_margins_pp,5,E,S1,diversified_regional,1,0,0,0,0,0,0,0
collateral_margins_pp,5,E,S1,regional_cat3,1,0,0,0,0,0,0,0
collateral_margins_pp,5,E,S1,gsib,1,0,0,0,0,0,0,0
collateral_margins_pp,5,A,S2,svb_like,0.015,0.0005,-0.00032245,0.00132245,0,0,0,0
collateral_margins_pp,5,A,S2,diversified_regional,0.999333,0,0,0,0,0,0,0
collateral_margins_pp,5,A,S2,regional_cat3,0.998556,0,0,0,0,0,0,0
collateral_margins_pp,5,A,S2,gsib,1,0,0,0,0,0,0,0
collateral_margins_pp,5,B,S2,svb_like,0.846333,0.031,0.0249256,0.0370744,0,0,0,0
collateral_margins_pp,5,B,S2,diversified_regional,1,0,0,0,0,0,0,0
collateral_margins_pp,5,B,S2,regional_cat3,1,0,0,0,0,0,0,0
collateral_margins_pp,5,B,S2,gsib,1,0,0,0,0,0,0,0
collateral_margins_pp,5,B_prime,S2,svb_like,0.921333,0,0,0,0,0,0,0
collateral_margins_pp,5,B_prime,S2,diversified_regional,1,0,0,0,0,0,0,0
collateral_margins_pp,5,B_prime,S2,regional_cat3,1,0,0,0,0,0,0,0
collateral_margins_pp,5,B_prime,S2,gsib,1,0,0,0,0,0,0,0
collateral_margins_pp,5,C,S2,svb_like,0.02,0.0025,0.000662787,0.00433721,0,0,0,0
collateral_margins_pp,5,C,S2,diversified_regional,0.9995,0,0,0,0,0,0,0
collateral_margins_pp,5,C,S2,regional_cat3,0.999667,0.000166667,-0.000107483,0.000440817,0,0,0,0
collateral_margins_pp,5,C,S2,gsib,1,0,0,0,0,0,0,0
collateral_margins_pp,5,C_prime,S2,svb_like,0.00583333,0.0005,-0.00032245,0.00132245,0,0,0,0
collateral_margins_pp,5,C_prime,S2,diversified_regional,0.999333,0,0,0,0,0,0,0
collateral_margins_pp,5,C_prime,S2,regional_cat3,0.959556,0,0,0,0,0,0,0
collateral_margins_pp,5,C_prime,S2,gsib,0.998,0,0,0,0,0,0,0
collateral_margins_pp,5,E,S2,svb_like,0.846333,0.031,0.0249256,0.0370744,0,0,0,0
collateral_margins_pp,5,E,S2,diversified_regional,1,0,0,0,0,0,0,0
collateral_margins_pp,5,E,S2,regional_cat3,1,0,0,0,0,0,0,0
collateral_margins_pp,5,E,S2,gsib,1,0,0,0,0,0,0,0
depositor_coordination,x0.5,A,S1,svb_like,0.0441667,0.0368333,0.0299364,0.0437302,0,0,0,0
depositor_coordination,x0.5,A,S1,diversified_regional,0.997611,0.027,0.021505,0.032495,0,0,0,0
depositor_coordination,x0.5,A,S1,regional_cat3,0.997333,0.0386111,0.032048,0.0451742,0,0,0,0
depositor_coordination,x0.5,A,S1,gsib,1,0.00238889,0.000870128,0.00390765,0,0,0,0
depositor_coordination,x0.5,B,S1,svb_like,0.962333,0.237833,0.222817,0.25285,0,0,0,0
depositor_coordination,x0.5,B,S1,diversified_regional,1,0,0,0,0,0,0,0
depositor_coordination,x0.5,B,S1,regional_cat3,1,0,0,0,0,0,0,0
depositor_coordination,x0.5,B,S1,gsib,1,0,0,0,0,0,0,0
depositor_coordination,x0.5,B_prime,S1,svb_like,0.994,0.0376667,0.0301847,0.0451487,0,0,0,0
depositor_coordination,x0.5,B_prime,S1,diversified_regional,1,0,0,0,0,0,0,0
depositor_coordination,x0.5,B_prime,S1,regional_cat3,1,0,0,0,0,0,0,0
depositor_coordination,x0.5,B_prime,S1,gsib,1,0,0,0,0,0,0,0
depositor_coordination,x0.5,C,S1,svb_like,0.0636667,0.0593333,0.050659,0.0680076,0,0,0,0
depositor_coordination,x0.5,C,S1,diversified_regional,0.998333,0.0216667,0.0164525,0.0268808,0,0,0,0
depositor_coordination,x0.5,C,S1,regional_cat3,0.9995,0.019,0.0143021,0.0236979,0,0,0,0
depositor_coordination,x0.5,C,S1,gsib,1,0.00166667,0.000441858,0.00289148,0,0,0,0
depositor_coordination,x0.5,C_prime,S1,svb_like,0.0235,0.0208333,0.015593,0.0260736,0,0,0,0
depositor_coordination,x0.5,C_prime,S1,diversified_regional,0.997611,0.027,0.021505,0.032495,0,0,0,0
depositor_coordination,x0.5,C_prime,S1,regional_cat3,0.919722,0.217889,0.202962,0.232816,0,0,0,0
depositor_coordination,x0.5,C_prime,S1,gsib,0.996056,0.0608889,0.0522379,0.0695399,0,0,0,0
depositor_coordination,x0.5,E,S1,svb_like,0.962333,0.237833,0.222817,0.25285,0,0,0,0
depositor_coordination,x0.5,E,S1,diversified_regional,1,0,0,0,0,0,0,0
depositor_coordination,x0.5,E,S1,regional_cat3,1,0,0,0,0,0,0,0
depositor_coordination,x0.5,E,S1,gsib,1,0,0,0,0,0,0,0
depositor_coordination,x0.5,A,S2,svb_like,0.0978889,0.0833889,0.0733132,0.0934645,0,0,0,0
depositor_coordination,x0.5,A,S2,diversified_regional,1,0.000666667,-0.000200142,0.00153347,0,0,0,0
depositor_coordination,x0.5,A,S2,regional_cat3,1,0.00144444,0.000146406,0.00274248,0,0,0,0
depositor_coordination,x0.5,A,S2,gsib,1,0,0,0,0,0,0,0
depositor_coordination,x0.5,B,S2,svb_like,0.983333,0.168,0.154594,0.181406,0,0,0,0
depositor_coordination,x0.5,B,S2,diversified_regional,1,0,0,0,0,0,0,0
depositor_coordination,x0.5,B,S2,regional_cat3,1,0,0,0,0,0,0,0
depositor_coordination,x0.5,B,S2,gsib,1,0,0,0,0,0,0,0
depositor_coordination,x0.5,B_prime,S2,svb_like,0.988667,0.0673333,0.0573841,0.0772826,0,0,0,0
depositor_coordination,x0.5,B_prime,S2,diversified_regional,1,0,0,0,0,0,0,0
depositor_coordination,x0.5,B_prime,S2,regional_cat3,1,0,0,0,0,0,0,0
depositor_coordination,x0.5,B_prime,S2,gsib,1,0,0,0,0,0,0,0
depositor_coordination,x0.5,C,S2,svb_like,0.170833,0.153333,0.140151,0.166515,0,0,0,0
depositor_coordination,x0.5,C,S2,diversified_regional,1,0.0005,-0.00032245,0.00132245,0,0,0,0
depositor_coordination,x0.5,C,S2,regional_cat3,1,0.0005,-0.000112895,0.0011129,0,0,0,0
depositor_coordination,x0.5,C,S2,gsib,1,0,0,0,0,0,0,0
depositor_coordination,x0.5,C_prime,S2,svb_like,0.0438333,0.0385,0.0314642,0.0455358,0,0,0,0
depositor_coordination,x0.5,C_prime,S2,diversified_regional,1,0.000666667,-0.000200142,0.00153347,0,0,0,0
depositor_coordination,x0.5,C_prime,S2,regional_cat3,0.996333,0.0367778,0.0300989,0.0434566,0,0,0,0
depositor_coordination,x0.5,C_prime,S2,gsib,1,0.002,0.000356335,0.00364367,0,0,0,0
depositor_coordination,x0.5,E,S2,svb_like,0.983333,0.168,0.154594,0.181406,0,0,0,0
depositor_coordination,x0.5,E,S2,diversified_regional,1,0,0,0,0,0,0,0
depositor_coordination,x0.5,E,S2,regional_cat3,1,0,0,0,0,0,0,0
depositor_coordination,x0.5,E,S2,gsib,1,0,0,0,0,0,0,0
depositor_coordination,x1.5,A,S1,svb_like,0,-0.00733333,-0.010424,-0.00424266,0,0,0,0
depositor_coordination,x1.5,A,S1,diversified_regional,0.554833,-0.415778,-0.433412,-0.398144,0,0,0,0
depositor_coordination,x1.5,A,S1,regional_cat3,0.443833,-0.514889,-0.532768,-0.49701,0,0,0,0
depositor_coordination,x1.5,A,S1,gsib,0.917333,-0.0802778,-0.090054,-0.0705016,0,0,0,0
depositor_coordination,x1.5,B,S1,svb_like,0.380667,-0.343833,-0.362559,-0.325108,0,0,0,0
depositor_coordination,x1.5,B,S1,diversified_regional,0.992667,-0.00733333,-0.0101967,-0.00446999,0,0,0,0
depositor_coordination,x1.5,B,S1,regional_cat3,0.996667,-0.00333333,-0.00518913,-0.00147754,0,0,0,0
depositor_coordination,x1.5,B,S1,gsib,1,0,0,0,0,0,0,0
depositor_coordination,x1.5,B_prime,S1,svb_like,0.976,0.0196667,0.0117141,0.0276192,0.0124986,0.0124986,0.00845238,0.0165448
depositor_coordination,x1.5,B_prime,S1,diversified_regional,0.992667,-0.00733333,-0.0101967,-0.00446999,0,0,0,0
depositor_coordination,x1.5,B_prime,S1,regional_cat3,0.996667,-0.00333333,-0.00518913,-0.00147754,0,0,0,0
depositor_coordination,x1.5,B_prime,S1,gsib,1,0,0,0,0,0,0,0
depositor_coordination,x1.5,C,S1,svb_like,0,-0.00433333,-0.00671859,-0.00194807,0,0,0,0
depositor_coordination,x1.5,C,S1,diversified_regional,0.583833,-0.392833,-0.410641,-0.375025,0,0,0,0
depositor_coordination,x1.5,C,S1,regional_cat3,0.720667,-0.259833,-0.275719,-0.243948,0,0,0,0
depositor_coordination,x1.5,C,S1,gsib,0.969833,-0.0285,-0.0343581,-0.0226419,0,0,0,0
depositor_coordination,x1.5,C_prime,S1,svb_like,0,-0.00266667,-0.00452392,-0.000809415,0,0,0,0
depositor_coordination,x1.5,C_prime,S1,diversified_regional,0.554833,-0.415778,-0.433412,-0.398144,0,0,0,0
depositor_coordination,x1.5,C_prime,S1,regional_cat3,0.310778,-0.391056,-0.408606,-0.373505,0,0,0,0
depositor_coordination,x1.5,C_prime,S1,gsib,0.734667,-0.2005,-0.21502,-0.18598,0,0,0,0
depositor_coordination,x1.5,E,S1,svb_like,0.380667,-0.343833,-0.362559,-0.325108,0,0,0,0
depositor_coordination,x1.5,E,S1,diversified_regional,0.992667,-0.00733333,-0.0101967,-0.00446999,0,0,0,0
depositor_coordination,x1.5,E,S1,regional_cat3,0.996667,-0.00333333,-0.00518913,-0.00147754,0,0,0,0
depositor_coordination,x1.5,E,S1,gsib,1,0,0,0,0,0,0,0
depositor_coordination,x1.5,A,S2,svb_like,0,-0.0145,-0.0188636,-0.0101364,0,0,0,0
depositor_coordination,x1.5,A,S2,diversified_regional,0.959944,-0.0393889,-0.0462167,-0.0325611,0,0,0,0
depositor_coordination,x1.5,A,S2,regional_cat3,0.877611,-0.120944,-0.132439,-0.10945,0,0,0,0
depositor_coordination,x1.5,A,S2,gsib,0.999167,-0.000833333,-0.00182157,0.0001549,0,0,0,0
depositor_coordination,x1.5,B,S2,svb_like,0.415167,-0.400167,-0.41873,-0.381603,0,0,0,0
depositor_coordination,x1.5,B,S2,diversified_regional,0.9995,-0.0005,-0.00132245,0.00032245,0,0,0,0
depositor_coordination,x1.5,B,S2,regional_cat3,1,0,0,0,0,0,0,0
depositor_coordination,x1.5,B,S2,gsib,1,0,0,0,0,0,0,0
depositor_coordination,x1.5,B_prime,S2,svb_like,0.941833,0.0205,0.0113416,0.0296584,0.000412408,0.000412408,4.26773e-05,0.000782139
depositor_coordination,x1.5,B_prime,S2,diversified_regional,0.9995,-0.0005,-0.00132245,0.00032245,0,0,0,0
depositor_coordination,x1.5,B_prime,S2,regional_cat3,1,0,0,0,0,0,0,0
depositor_coordination,x1.5,B_prime,S2,gsib,1,0,0,0,0,0,0,0
depositor_coordination,x1.5,C,S2,svb_like,0,-0.0175,-0.0223241,-0.0126759,0,0,0,0
depositor_coordination,x1.5,C,S2,diversified_regional,0.9695,-0.03,-0.0362036,-0.0237964,0,0,0,0
depositor_coordination,x1.5,C,S2,regional_cat3,0.969833,-0.0296667,-0.0355234,-0.0238099,0,0,0,0
depositor_coordination,x1.5,C,S2,gsib,0.9985,-0.0015,-0.00275541,-0.000244585,0,0,0,0
depositor_coordination,x1.5,C_prime,S2,svb_like,0,-0.00533333,-0.00798473,-0.00268194,0,0,0,0
depositor_coordination,x1.5,C_prime,S2,diversified_regional,0.959944,-0.0393889,-0.0462167,-0.0325611,0,0,0,0
depositor_coordination,x1.5,C_prime,S2,regional_cat3,0.7405,-0.219056,-0.233926,-0.204185,0,0,0,0
depositor_coordination,x1.5,C_prime,S2,gsib,0.964944,-0.0330556,-0.0395627,-0.0265484,0,0,0,0
depositor_coordination,x1.5,E,S2,svb_like,0.415167,-0.400167,-0.41873,-0.381603,0,0,0,0
depositor_coordination,x1.5,E,S2,diversified_regional,0.9995,-0.0005,-0.00132245,0.00032245,0,0,0,0
depositor_coordination,x1.5,E,S2,regional_cat3,1,0,0,0,0,0,0,0
depositor_coordination,x1.5,E,S2,gsib,1,0,0,0,0,0,0,0
routine_borrowing_strength_s,0.0,A,S1,svb_like,0.00733333,0,0,0,0,0,0,0
routine_borrowing_strength_s,0.0,A,S1,diversified_regional,0.969611,-0.001,-0.00164529,-0.000354709,0,0,0,0
routine_borrowing_strength_s,0.0,A,S1,regional_cat3,0.957722,-0.001,-0.00159124,-0.000408764,0,0,0,0
routine_borrowing_strength_s,0.0,A,S1,gsib,0.997444,-0.000166667,-0.000440817,0.000107483,0,0,0,0
routine_borrowing_strength_s,0.0,B,S1,svb_like,0.705167,-0.0193333,-0.0222259,-0.0164407,0,0,0,0
routine_borrowing_strength_s,0.0,B,S1,diversified_regional,1,0,0,0,0,0,0,0
routine_borrowing_strength_s,0.0,B,S1,regional_cat3,1,0,0,0,0,0,0,0
routine_borrowing_strength_s,0.0,B,S1,gsib,1,0,0,0,0,0,0,0
routine_borrowing_strength_s,0.0,B_prime,S1,svb_like,0.956,-0.000333333,-0.000720943,5.42763e-05,0,0,0,0
routine_borrowing_strength_s,0.0,B_prime,S1,diversified_regional,1,0,0,0,0,0,0,0
routine_borrowing_strength_s,0.0,B_prime,S1,regional_cat3,1,0,0,0,0,0,0,0
routine_borrowing_strength_s,0.0,B_prime,S1,gsib,1,0,0,0,0,0,0,0
routine_borrowing_strength_s,0.0,C,S1,svb_like,0.00416667,-0.000166667,-0.000440817,0.000107483,0,0,0,0
routine_borrowing_strength_s,0.0,C,S1,diversified_regional,0.969667,-0.007,-0.00901522,-0.00498478,0,0,0,0
routine_borrowing_strength_s,0.0,C,S1,regional_cat3,0.9715,-0.009,-0.011203,-0.00679698,0,0,0,0
routine_borrowing_strength_s,0.0,C,S1,gsib,0.997,-0.00133333,-0.00210739,-0.000559279,0,0,0,0
routine_borrowing_strength_s,0.0,C_prime,S1,svb_like,0.00266667,0,0,0,0,0,0,0
routine_borrowing_strength_s,0.0,C_prime,S1,diversified_regional,0.969611,-0.001,-0.00164529,-0.000354709,0,0,0,0
routine_borrowing_strength_s,0.0,C_prime,S1,regional_cat3,0.701111,-0.000722222,-0.00129243,-0.000152009,0,0,0,0
routine_borrowing_strength_s,0.0,C_prime,S1,gsib,0.934667,-0.0005,-0.000991894,-8.10645e-06,0,0,0,0
routine_borrowing_strength_s,0.0,E,S1,svb_like,0.705167,-0.0193333,-0.0222259,-0.0164407,0,0,0,0
routine_borrowing_strength_s,0.0,E,S1,diversified_regional,1,0,0,0,0,0,0,0
routine_borrowing_strength_s,0.0,E,S1,regional_cat3,1,0,0,0,0,0,0,0
routine_borrowing_strength_s,0.0,E,S1,gsib,1,0,0,0,0,0,0,0
routine_borrowing_strength_s,0.0,A,S2,svb_like,0.0145,0,0,0,0,0,0,0
routine_borrowing_strength_s,0.0,A,S2,diversified_regional,0.999333,0,0,0,0,0,0,0
routine_borrowing_strength_s,0.0,A,S2,regional_cat3,0.998556,0,0,0,0,0,0,0
routine_borrowing_strength_s,0.0,A,S2,gsib,1,0,0,0,0,0,0,0
routine_borrowing_strength_s,0.0,B,S2,svb_like,0.802833,-0.0125,-0.0148935,-0.0101065,0,0,0,0
routine_borrowing_strength_s,0.0,B,S2,diversified_regional,1,0,0,0,0,0,0,0
routine_borrowing_strength_s,0.0,B,S2,regional_cat3,1,0,0,0,0,0,0,0
routine_borrowing_strength_s,0.0,B,S2,gsib,1,0,0,0,0,0,0,0
routine_borrowing_strength_s,0.0,B_prime,S2,svb_like,0.9205,-0.000833333,-0.00144574,-0.000220929,0,0,0,0
routine_borrowing_strength_s,0.0,B_prime,S2,diversified_regional,1,0,0,0,0,0,0,0
routine_borrowing_strength_s,0.0,B_prime,S2,regional_cat3,1,0,0,0,0,0,0,0
routine_borrowing_strength_s,0.0,B_prime,S2,gsib,1,0,0,0,0,0,0,0
routine_borrowing_strength_s,0.0,C,S2,svb_like,0.0168333,-0.000666667,-0.00133791,4.58094e-06,0,0,0,0
routine_borrowing_strength_s,0.0,C,S2,diversified_regional,0.999333,-0.000166667,-0.000440817,0.000107483,0,0,0,0
routine_borrowing_strength_s,0.0,C,S2,regional_cat3,0.999167,-0.000333333,-0.000720943,5.42763e-05,0,0,0,0
routine_borrowing_strength_s,0.0,C,S2,gsib,1,0,0,0,0,0,0,0
routine_borrowing_strength_s,0.0,C_prime,S2,svb_like,0.00533333,0,0,0,0,0,0,0
routine_borrowing_strength_s,0.0,C_prime,S2,diversified_regional,0.999333,0,0,0,0,0,0,0
routine_borrowing_strength_s,0.0,C_prime,S2,regional_cat3,0.959167,-0.000388889,-0.000880918,0.000103141,0,0,0,0
routine_borrowing_strength_s,0.0,C_prime,S2,gsib,0.998,0,0,0,0,0,0,0
routine_borrowing_strength_s,0.0,E,S2,svb_like,0.802833,-0.0125,-0.0148935,-0.0101065,0,0,0,0
routine_borrowing_strength_s,0.0,E,S2,diversified_regional,1,0,0,0,0,0,0,0
routine_borrowing_strength_s,0.0,E,S2,regional_cat3,1,0,0,0,0,0,0,0
routine_borrowing_strength_s,0.0,E,S2,gsib,1,0,0,0,0,0,0,0
routine_borrowing_strength_s,0.7,A,S1,svb_like,0.00733333,0,0,0,0,0,0,0
routine_borrowing_strength_s,0.7,A,S1,diversified_regional,0.971056,0.000444444,-5.59408e-05,0.00094483,0,0,0,0
routine_borrowing_strength_s,0.7,A,S1,regional_cat3,0.959556,0.000833333,0.000248852,0.00141781,0,0,0,0
routine_borrowing_strength_s,0.7,A,S1,gsib,0.997778,0.000166667,-0.000107483,0.000440817,0,0,0,0
routine_borrowing_strength_s,0.7,B,S1,svb_like,0.7425,0.018,0.0149691,0.0210309,0,0,0,0
routine_borrowing_strength_s,0.7,B,S1,diversified_regional,1,0,0,0,0,0,0,0
routine_borrowing_strength_s,0.7,B,S1,regional_cat3,1,0,0,0,0,0,0,0
routine_borrowing_strength_s,0.7,B,S1,gsib,1,0,0,0,0,0,0,0
routine_borrowing_strength_s,0.7,B_prime,S1,svb_like,0.9565,0.000166667,-0.000107483,0.000440817,0,0,0,0
routine_borrowing_strength_s,0.7,B_prime,S1,diversified_regional,1,0,0,0,0,0,0,0
routine_borrowing_strength_s,0.7,B_prime,S1,regional_cat3,1,0,0,0,0,0,0,0
routine_borrowing_strength_s,0.7,B_prime,S1,gsib,1,0,0,0,0,0,0,0
routine_borrowing_strength_s,0.7,C,S1,svb_like,0.0045,0.000166667,-0.000107483,0.000440817,0,0,0,0
routine_borrowing_strength_s,0.7,C,S1,diversified_regional,0.980667,0.004,0.00236128,0.00563872,0,0,0,0
routine_borrowing_strength_s,0.7,C,S1,regional_cat3,0.987,0.0065,0.00440731,0.00859269,0,0,0,0
routine_borrowing_strength_s,0.7,C,S1,gsib,0.9995,0.00116667,0.0002582,0.00207513,0,0,0,0
routine_borrowing_strength_s,0.7,C_prime,S1,svb_like,0.00266667,0,0,0,0,0,0,0
routine_borrowing_strength_s,0.7,C_prime,S1,diversified_regional,0.971056,0.000444444,-5.59408e-05,0.00094483,0,0,0,0
routine_borrowing_strength_s,0.7,C_prime,S1,regional_cat3,0.703278,0.00144444,0.000659936,0.00222895,0,0,0,0
routine_borrowing_strength_s,0.7,C_prime,S1,gsib,0.935389,0.000222222,-6.67139e-05,0.000511158,0,0,0,0
routine_borrowing_strength_s,0.7,E,S1,svb_like,0.7425,0.018,0.0149691,0.0210309,0,0,0,0
routine_borrowing_strength_s,0.7,E,S1,diversified_regional,1,0,0,0,0,0,0,0
routine_borrowing_strength_s,0.7,E,S1,regional_cat3,1,0,0,0,0,0,0,0
routine_borrowing_strength_s,0.7,E,S1,gsib,1,0,0,0,0,0,0,0
routine_borrowing_strength_s,0.7,A,S2,svb_like,0.0145,0,0,0,0,0,0,0
routine_borrowing_strength_s,0.7,A,S2,diversified_regional,0.9995,0.000166667,-0.000107483,0.000440817,0,0,0,0
routine_borrowing_strength_s,0.7,A,S2,regional_cat3,0.998556,0,0,0,0,0,0,0
routine_borrowing_strength_s,0.7,A,S2,gsib,1,0,0,0,0,0,0,0
routine_borrowing_strength_s,0.7,B,S2,svb_like,0.828,0.0126667,0.0101667,0.0151666,0,0,0,0
routine_borrowing_strength_s,0.7,B,S2,diversified_regional,1,0,0,0,0,0,0,0
routine_borrowing_strength_s,0.7,B,S2,regional_cat3,1,0,0,0,0,0,0,0
routine_borrowing_strength_s,0.7,B,S2,gsib,1,0,0,0,0,0,0,0
routine_borrowing_strength_s,0.7,B_prime,S2,svb_like,0.921833,0.0005,2.53959e-05,0.000974604,0,0,0,0
routine_borrowing_strength_s,0.7,B_prime,S2,diversified_regional,1,0,0,0,0,0,0,0
routine_borrowing_strength_s,0.7,B_prime,S2,regional_cat3,1,0,0,0,0,0,0,0
routine_borrowing_strength_s,0.7,B_prime,S2,gsib,1,0,0,0,0,0,0,0
routine_borrowing_strength_s,0.7,C,S2,svb_like,0.018,0.0005,2.53959e-05,0.000974604,0,0,0,0
routine_borrowing_strength_s,0.7,C,S2,diversified_regional,0.9995,0,0,0,0,0,0,0
routine_borrowing_strength_s,0.7,C,S2,regional_cat3,1,0.0005,-0.000112895,0.0011129,0,0,0,0
routine_borrowing_strength_s,0.7,C,S2,gsib,1,0,0,0,0,0,0,0
routine_borrowing_strength_s,0.7,C_prime,S2,svb_like,0.00533333,0,0,0,0,0,0,0
routine_borrowing_strength_s,0.7,C_prime,S2,diversified_regional,0.9995,0.000166667,-0.000107483,0.000440817,0,0,0,0
routine_borrowing_strength_s,0.7,C_prime,S2,regional_cat3,0.96,0.000444444,1.60233e-05,0.000872866,0,0,0,0
routine_borrowing_strength_s,0.7,C_prime,S2,gsib,0.998,0,0,0,0,0,0,0
routine_borrowing_strength_s,0.7,E,S2,svb_like,0.828,0.0126667,0.0101667,0.0151666,0,0,0,0
routine_borrowing_strength_s,0.7,E,S2,diversified_regional,1,0,0,0,0,0,0,0
routine_borrowing_strength_s,0.7,E,S2,regional_cat3,1,0,0,0,0,0,0,0
routine_borrowing_strength_s,0.7,E,S2,gsib,1,0,0,0,0,0,0,0
distress_hit_size,0.1,A,S1,svb_like,0.00766667,0.000333333,-0.000214967,0.000881633,0,0,0,0
distress_hit_size,0.1,A,S1,diversified_regional,0.982722,0.0121111,0.00872508,0.0154971,0,0,0,0
distress_hit_size,0.1,A,S1,regional_cat3,0.975278,0.0165556,0.0124376,0.0206735,0,0,0,0
distress_hit_size,0.1,A,S1,gsib,0.9995,0.00188889,0.000611091,0.00316669,0,0,0,0
distress_hit_size,0.1,B,S1,svb_like,0.765667,0.0411667,0.034663,0.0476703,0,0,0,0
distress_hit_size,0.1,B,S1,diversified_regional,1,0,0,0,0,0,0,0
distress_hit_size,0.1,B,S1,regional_cat3,1,0,0,0,0,0,0,0
distress_hit_size,0.1,B,S1,gsib,1,0,0,0,0,0,0,0
distress_hit_size,0.1,B_prime,S1,svb_like,0.956333,0,0,0,0,0,0,0
distress_hit_size,0.1,B_prime,S1,diversified_regional,1,0,0,0,0,0,0,0
distress_hit_size,0.1,B_prime,S1,regional_cat3,1,0,0,0,0,0,0,0
distress_hit_size,0.1,B_prime,S1,gsib,1,0,0,0,0,0,0,0
distress_hit_size,0.1,C,S1,svb_like,0.0045,0.000166667,-0.000107483,0.000440817,0,0,0,0
distress_hit_size,0.1,C,S1,diversified_regional,0.983833,0.00716667,0.00431591,0.0100174,0,0,0,0
distress_hit_size,0.1,C,S1,regional_cat3,0.991333,0.0108333,0.00744268,0.014224,0,0,0,0
distress_hit_size,0.1,C,S1,gsib,1,0.00166667,0.000441858,0.00289148,0,0,0,0
distress_hit_size,0.1,C_prime,S1,svb_like,0.003,0.000333333,-0.000214967,0.000881633,0,0,0,0
distress_hit_size,0.1,C_prime,S1,diversified_regional,0.982722,0.0121111,0.00872508,0.0154971,0,0,0,0
distress_hit_size,0.1,C_prime,S1,regional_cat3,0.718556,0.0167222,0.0125759,0.0208686,0,0,0,0
distress_hit_size,0.1,C_prime,S1,gsib,0.944667,0.0095,0.00625234,0.0127477,0,0,0,0
distress_hit_size,0.1,E,S1,svb_like,0.765667,0.0411667,0.034663,0.0476703,0,0,0,0
distress_hit_size,0.1,E,S1,diversified_regional,1,0,0,0,0,0,0,0
distress_hit_size,0.1,E,S1,regional_cat3,1,0,0,0,0,0,0,0
distress_hit_size,0.1,E,S1,gsib,1,0,0,0,0,0,0,0
distress_hit_size,0.1,A,S2,svb_like,0.0165,0.002,0.000450532,0.00354947,0,0,0,0
distress_hit_size,0.1,A,S2,diversified_regional,1,0.000666667,-0.000200142,0.00153347,0,0,0,0
distress_hit_size,0.1,A,S2,regional_cat3,0.9995,0.000944444,-6.04231e-05,0.00194931,0,0,0,0
distress_hit_size,0.1,A,S2,gsib,1,0,0,0,0,0,0,0
distress_hit_size,0.1,B,S2,svb_like,0.852,0.0366667,0.0303668,0.0429665,0,0,0,0
distress_hit_size,0.1,B,S2,diversified_regional,1,0,0,0,0,0,0,0
distress_hit_size,0.1,B,S2,regional_cat3,1,0,0,0,0,0,0,0
distress_hit_size,0.1,B,S2,gsib,1,0,0,0,0,0,0,0
distress_hit_size,0.1,B_prime,S2,svb_like,0.922333,0.001,-2.53721e-05,0.00202537,0,0,0,0
distress_hit_size,0.1,B_prime,S2,diversified_regional,1,0,0,0,0,0,0,0
distress_hit_size,0.1,B_prime,S2,regional_cat3,1,0,0,0,0,0,0,0
distress_hit_size,0.1,B_prime,S2,gsib,1,0,0,0,0,0,0,0
distress_hit_size,0.1,C,S2,svb_like,0.0185,0.001,-0.000162829,0.00216283,0,0,0,0
distress_hit_size,0.1,C,S2,diversified_regional,1,0.0005,-0.00032245,0.00132245,0,0,0,0
distress_hit_size,0.1,C,S2,regional_cat3,1,0.0005,-0.000112895,0.0011129,0,0,0,0
distress_hit_size,0.1,C,S2,gsib,1,0,0,0,0,0,0,0
distress_hit_size,0.1,C_prime,S2,svb_like,0.006,0.000666667,-0.000200142,0.00153347,0,0,0,0
distress_hit_size,0.1,C_prime,S2,diversified_regional,1,0.000666667,-0.000200142,0.00153347,0,0,0,0
distress_hit_size,0.1,C_prime,S2,regional_cat3,0.966778,0.00722222,0.00445947,0.00998497,0,0,0,0
distress_hit_size,0.1,C_prime,S2,gsib,0.998,0,0,0,0,0,0,0
distress_hit_size,0.1,E,S2,svb_like,0.852,0.0366667,0.0303668,0.0429665,0,0,0,0
distress_hit_size,0.1,E,S2,diversified_regional,1,0,0,0,0,0,0,0
distress_hit_size,0.1,E,S2,regional_cat3,1,0,0,0,0,0,0,0
distress_hit_size,0.1,E,S2,gsib,1,0,0,0,0,0,0,0
distress_hit_size,0.4,A,S1,svb_like,0.00483333,-0.0025,-0.00425344,-0.000746555,0,0,0,0
distress_hit_size,0.4,A,S1,diversified_regional,0.921611,-0.049,-0.055875,-0.042125,0,0,0,0
distress_hit_size,0.4,A,S1,regional_cat3,0.889278,-0.0694444,-0.0777391,-0.0611497,0,0,0,0
distress_hit_size,0.4,A,S1,gsib,0.995278,-0.00233333,-0.0039036,-0.000763067,0,0,0,0
distress_hit_size,0.4,B,S1,svb_like,0.6255,-0.099,-0.108693,-0.0893065,0,0,0,0
distress_hit_size,0.4,B,S1,diversified_regional,1,0,0,0,0,0,0,0
distress_hit_size,0.4,B,S1,regional_cat3,1,0,0,0,0,0,0,0
distress_hit_size,0.4,B,S1,gsib,1,0,0,0,0,0,0,0
distress_hit_size,0.4,B_prime,S1,svb_like,0.939,-0.0173333,-0.021622,-0.0130447,0.0249045,0.0249045,0.0175805,0.0322285
distress_hit_size,0.4,B_prime,S1,diversified_regional,1,0,0,0,0,0,0,0
distress_hit_size,0.4,B_prime,S1,regional_cat3,1,0,0,0,0,0,0,0
distress_hit_size,0.4,B_prime,S1,gsib,1,0,0,0,0,0,0,0
distress_hit_size,0.4,C,S1,svb_like,0.00366667,-0.000666667,-0.00153347,0.000200142,0,0,0,0
distress_hit_size,0.4,C,S1,diversified_regional,0.9705,-0.00616667,-0.00874367,-0.00358966,0,0,0,0
distress_hit_size,0.4,C,S1,regional_cat3,0.964167,-0.0163333,-0.0206273,-0.0120394,0,0,0,0
distress_hit_size,0.4,C,S1,gsib,0.993,-0.00533333,-0.00780872,-0.00285794,0,0,0,0
distress_hit_size,0.4,C_prime,S1,svb_like,0.00183333,-0.000833333,-0.00182157,0.0001549,0,0,0,0
distress_hit_size,0.4,C_prime,S1,diversified_regional,0.921611,-0.049,-0.055875,-0.042125,0,0,0,0
distress_hit_size,0.4,C_prime,S1,regional_cat3,0.636444,-0.0653889,-0.073499,-0.0572788,0,0,0,0
distress_hit_size,0.4,C_prime,S1,gsib,0.907833,-0.0273333,-0.0326151,-0.0220515,0,0,0,0
distress_hit_size,0.4,E,S1,svb_like,0.6255,-0.099,-0.108693,-0.0893065,0,0,0,0
distress_hit_size,0.4,E,S1,diversified_regional,1,0,0,0,0,0,0,0
distress_hit_size,0.4,E,S1,regional_cat3,1,0,0,0,0,0,0,0
distress_hit_size,0.4,E,S1,gsib,1,0,0,0,0,0,0,0
distress_hit_size,0.4,A,S2,svb_like,0.013,-0.0015,-0.00262928,-0.000370715,0,0,0,0
distress_hit_size,0.4,A,S2,diversified_regional,0.995667,-0.00366667,-0.00571429,-0.00161904,0,0,0,0
distress_hit_size,0.4,A,S2,regional_cat3,0.991944,-0.00661111,-0.00938046,-0.00384176,0,0,0,0
distress_hit_size,0.4,A,S2,gsib,1,0,0,0,0,0,0,0
distress_hit_size,0.4,B,S2,svb_like,0.707667,-0.107667,-0.117821,-0.0975119,0,0,0,0
distress_hit_size,0.4,B,S2,diversified_regional,1,0,0,0,0,0,0,0
distress_hit_size,0.4,B,S2,regional_cat3,1,0,0,0,0,0,0,0
distress_hit_size,0.4,B,S2,gsib,1,0,0,0,0,0,0,0
distress_hit_size,0.4,B_prime,S2,svb_like,0.913833,-0.0075,-0.0101866,-0.00481339,0.00495549,0.00495549,0.0026772,0.00723379
distress_hit_size,0.4,B_prime,S2,diversified_regional,1,0,0,0,0,0,0,0
distress_hit_size,0.4,B_prime,S2,regional_cat3,1,0,0,0,0,0,0,0
distress_hit_size,0.4,B_prime,S2,gsib,1,0,0,0,0,0,0,0
distress_hit_size,0.4,C,S2,svb_like,0.0155,-0.002,-0.00344916,-0.000550839,0,0,0,0
distress_hit_size,0.4,C,S2,diversified_regional,0.9995,0,0,0,0,0,0,0
distress_hit_size,0.4,C,S2,regional_cat3,0.994,-0.0055,-0.00799004,-0.00300996,0,0,0,0
distress_hit_size,0.4,C,S2,gsib,1,0,0,0,0,0,0,0
distress_hit_size,0.4,C_prime,S2,svb_like,0.00433333,-0.001,-0.00186637,-0.000133626,0,0,0,0
distress_hit_size,0.4,C_prime,S2,diversified_regional,0.995667,-0.00366667,-0.00571429,-0.00161904,0,0,0,0
distress_hit_size,0.4,C_prime,S2,regional_cat3,0.936556,-0.023,-0.0279463,-0.0180537,0,0,0,0
distress_hit_size,0.4,C_prime,S2,gsib,0.993167,-0.00483333,-0.00708945,-0.00257722,0,0,0,0
distress_hit_size,0.4,E,S2,svb_like,0.707667,-0.107667,-0.117821,-0.0975119,0,0,0,0
distress_hit_size,0.4,E,S2,diversified_regional,1,0,0,0,0,0,0,0
distress_hit_size,0.4,E,S2,regional_cat3,1,0,0,0,0,0,0,0
distress_hit_size,0.4,E,S2,gsib,1,0,0,0,0,0,0,0
b_full_run,uninsured_runoff_100pct,B,S1,svb_like,1,0.2755,0.259504,0.291496,0,0,0,0
b_full_run,uninsured_runoff_100pct,B,S1,diversified_regional,1,0,0,0,0,0,0,0
b_full_run,uninsured_runoff_100pct,B,S1,regional_cat3,1,0,0,0,0,0,0,0
b_full_run,uninsured_runoff_100pct,B,S1,gsib,1,0,0,0,0,0,0,0
b_full_run,uninsured_runoff_100pct,B_prime,S1,svb_like,0.9995,0.0431667,0.0356998,0.0506336,0,0,0,0
b_full_run,uninsured_runoff_100pct,B_prime,S1,diversified_regional,1,0,0,0,0,0,0,0
b_full_run,uninsured_runoff_100pct,B_prime,S1,regional_cat3,1,0,0,0,0,0,0,0
b_full_run,uninsured_runoff_100pct,B_prime,S1,gsib,1,0,0,0,0,0,0,0
b_full_run,uninsured_runoff_100pct,E,S1,svb_like,0.958167,0.233667,0.21874,0.248594,0.152723,0.152723,0.1212,0.184246
b_full_run,uninsured_runoff_100pct,E,S1,diversified_regional,1,0,0,0,0,0,0,0
b_full_run,uninsured_runoff_100pct,E,S1,regional_cat3,1,0,0,0,0,0,0,0
b_full_run,uninsured_runoff_100pct,E,S1,gsib,1,0,0,0,0,0,0,0
b_full_run,uninsured_runoff_100pct,B,S2,svb_like,1,0.184667,0.170786,0.198547,0,0,0,0
b_full_run,uninsured_runoff_100pct,B,S2,diversified_regional,1,0,0,0,0,0,0,0
b_full_run,uninsured_runoff_100pct,B,S2,regional_cat3,1,0,0,0,0,0,0,0
b_full_run,uninsured_runoff_100pct,B,S2,gsib,1,0,0,0,0,0,0,0
b_full_run,uninsured_runoff_100pct,B_prime,S2,svb_like,0.998333,0.077,0.0672227,0.0867773,0,0,0,0
b_full_run,uninsured_runoff_100pct,B_prime,S2,diversified_regional,1,0,0,0,0,0,0,0
b_full_run,uninsured_runoff_100pct,B_prime,S2,regional_cat3,1,0,0,0,0,0,0,0
b_full_run,uninsured_runoff_100pct,B_prime,S2,gsib,1,0,0,0,0,0,0,0
b_full_run,uninsured_runoff_100pct,E,S2,svb_like,0.9705,0.155167,0.142536,0.167797,0.0811827,0.0811827,0.0623567,0.100009
b_full_run,uninsured_runoff_100pct,E,S2,diversified_regional,1,0,0,0,0,0,0,0
b_full_run,uninsured_runoff_100pct,E,S2,regional_cat3,1,0,0,0,0,0,0,0
b_full_run,uninsured_runoff_100pct,E,S2,gsib,1,0,0,0,0,0,0,0
svb_like_no_lcr,no_lcr,C,S1,svb_like,0.00766667,0.00333333,0.000433869,0.0062328,0,0,0,0
svb_like_no_lcr,no_lcr,C_prime,S1,svb_like,0.00733333,0.00466667,0.00218945,0.00714388,0,0,0,0
svb_like_no_lcr,no_lcr,C,S2,svb_like,0.015,-0.0025,-0.00786577,0.00286577,0,0,0,0
svb_like_no_lcr,no_lcr,C_prime,S2,svb_like,0.0145,0.00916667,0.00568196,0.0126514,0,0,0,0
starting_collateral_split,fed_minus_20pp,A,S1,svb_like,0,-0.00733333,-0.010424,-0.00424266,0,0,0,0
starting_collateral_split,fed_minus_20pp,A,S1,diversified_regional,0.968444,-0.00216667,-0.00373991,-0.000593419,0,0,0,0
starting_collateral_split,fed_minus_20pp,A,S1,regional_cat3,0.957111,-0.00161111,-0.00284621,-0.000376013,0,0,0,0
starting_collateral_split,fed_minus_20pp,A,S1,gsib,0.997389,-0.000222222,-0.000587756,0.000143311,0,0,0,0
starting_collateral_split,fed_minus_20pp,B,S1,svb_like,0.5485,-0.176,-0.189009,-0.162991,0,0,0,0
starting_collateral_split,fed_minus_20pp,B,S1,diversified_regional,1,0,0,0,0,0,0,0
starting_collateral_split,fed_minus_20pp,B,S1,regional_cat3,1,0,0,0,0,0,0,0
starting_collateral_split,fed_minus_20pp,B,S1,gsib,1,0,0,0,0,0,0,0
starting_collateral_split,fed_minus_20pp,B_prime,S1,svb_like,0.956333,0,0,0,0,0,0,0
starting_collateral_split,fed_minus_20pp,B_prime,S1,diversified_regional,1,0,0,0,0,0,0,0
starting_collateral_split,fed_minus_20pp,B_prime,S1,regional_cat3,1,0,0,0,0,0,0,0
starting_collateral_split,fed_minus_20pp,B_prime,S1,gsib,1,0,0,0,0,0,0,0
starting_collateral_split,fed_minus_20pp,C,S1,svb_like,0.0015,-0.00283333,-0.00475003,-0.000916636,0,0,0,0
starting_collateral_split,fed_minus_20pp,C,S1,diversified_regional,0.975333,-0.00133333,-0.0026186,-4.807e-05,0,0,0,0
starting_collateral_split,fed_minus_20pp,C,S1,regional_cat3,0.973833,-0.00666667,-0.00931398,-0.00401936,0,0,0,0
starting_collateral_split,fed_minus_20pp,C,S1,gsib,0.996167,-0.00216667,-0.00383277,-0.000500566,0,0,0,0
starting_collateral_split,fed_minus_20pp,C_prime,S1,svb_like,0,-0.00266667,-0.00452392,-0.000809415,0,0,0,0
starting_collateral_split,fed_minus_20pp,C_prime,S1,diversified_regional,0.968444,-0.00216667,-0.00373991,-0.000593419,0,0,0,0
starting_collateral_split,fed_minus_20pp,C_prime,S1,regional_cat3,0.700333,-0.0015,-0.00281395,-0.000186052,0,0,0,0
starting_collateral_split,fed_minus_20pp,C_prime,S1,gsib,0.934667,-0.0005,-0.00132245,0.00032245,0,0,0,0
starting_collateral_split,fed_minus_20pp,E,S1,svb_like,0.5485,-0.176,-0.189009,-0.162991,0,0,0,0
starting_collateral_split,fed_minus_20pp,E,S1,diversified_regional,1,0,0,0,0,0,0,0
starting_collateral_split,fed_minus_20pp,E,S1,regional_cat3,1,0,0,0,0,0,0,0
starting_collateral_split,fed_minus_20pp,E,S1,gsib,1,0,0,0,0,0,0,0
starting_collateral_split,fed_minus_20pp,A,S2,svb_like,0.0005,-0.014,-0.0182876,-0.00971243,0,0,0,0
starting_collateral_split,fed_minus_20pp,A,S2,diversified_regional,0.999333,0,0,0,0,0,0,0
starting_collateral_split,fed_minus_20pp,A,S2,regional_cat3,0.998222,-0.000333333,-0.000881633,0.000214967,0,0,0,0
starting_collateral_split,fed_minus_20pp,A,S2,gsib,1,0,0,0,0,0,0,0
starting_collateral_split,fed_minus_20pp,B,S2,svb_like,0.713833,-0.1015,-0.111919,-0.0910813,0,0,0,0
starting_collateral_split,fed_minus_20pp,B,S2,diversified_regional,1,0,0,0,0,0,0,0
starting_collateral_split,fed_minus_20pp,B,S2,regional_cat3,1,0,0,0,0,0,0,0
starting_collateral_split,fed_minus_20pp,B,S2,gsib,1,0,0,0,0,0,0,0
starting_collateral_split,fed_minus_20pp,B_prime,S2,svb_like,0.921333,0,0,0,0,0,0,0
starting_collateral_split,fed_minus_20pp,B_prime,S2,diversified_regional,1,0,0,0,0,0,0,0
starting_collateral_split,fed_minus_20pp,B_prime,S2,regional_cat3,1,0,0,0,0,0,0,0
starting_collateral_split,fed_minus_20pp,B_prime,S2,gsib,1,0,0,0,0,0,0,0
starting_collateral_split,fed_minus_20pp,C,S2,svb_like,0.012,-0.0055,-0.00822093,-0.00277907,0,0,0,0
starting_collateral_split,fed_minus_20pp,C,S2,diversified_regional,0.9995,0,0,0,0,0,0,0
starting_collateral_split,fed_minus_20pp,C,S2,regional_cat3,0.9945,-0.005,-0.00741484,-0.00258516,0,0,0,0
starting_collateral_split,fed_minus_20pp,C,S2,gsib,1,0,0,0,0,0,0,0
starting_collateral_split,fed_minus_20pp,C_prime,S2,svb_like,0.0005,-0.00483333,-0.00735524,-0.00231142,0,0,0,0
starting_collateral_split,fed_minus_20pp,C_prime,S2,diversified_regional,0.999333,0,0,0,0,0,0,0
starting_collateral_split,fed_minus_20pp,C_prime,S2,regional_cat3,0.959056,-0.0005,-0.00132245,0.00032245,0,0,0,0
starting_collateral_split,fed_minus_20pp,C_prime,S2,gsib,0.998,0,0,0,0,0,0,0
starting_collateral_split,fed_minus_20pp,E,S2,svb_like,0.713833,-0.1015,-0.111919,-0.0910813,0,0,0,0
starting_collateral_split,fed_minus_20pp,E,S2,diversified_regional,1,0,0,0,0,0,0,0
starting_collateral_split,fed_minus_20pp,E,S2,regional_cat3,1,0,0,0,0,0,0,0
starting_collateral_split,fed_minus_20pp,E,S2,gsib,1,0,0,0,0,0,0,0
starting_collateral_split,fed_plus_20pp,A,S1,svb_like,0.0358333,0.0285,0.0224028,0.0345972,0,0,0,0
starting_collateral_split,fed_plus_20pp,A,S1,diversified_regional,0.970611,0,0,0,0,0,0,0
starting_collateral_split,fed_plus_20pp,A,S1,regional_cat3,0.958722,0,0,0,0,0,0,0
starting_collateral_split,fed_plus_20pp,A,S1,gsib,0.997611,0,0,0,0,0,0,0
starting_collateral_split,fed_plus_20pp,B,S1,svb_like,0.8375,0.113,0.102183,0.123817,0.000625857,0.000625857,0.000158674,0.00109304
starting_collateral_split,fed_plus_20pp,B,S1,diversified_regional,1,0,0,0,0,0,0,0
starting_collateral_split,fed_plus_20pp,B,S1,regional_cat3,1,0,0,0,0,0,0,0
starting_collateral_split,fed_plus_20pp,B,S1,gsib,1,0,0,0,0,0,0,0
starting_collateral_split,fed_plus_20pp,B_prime,S1,svb_like,0.956333,0,0,0,0,0,0,0
starting_collateral_split,fed_plus_20pp,B_prime,S1,diversified_regional,1,0,0,0,0,0,0,0
starting_collateral_split,fed_plus_20pp,B_prime,S1,regional_cat3,1,0,0,0,0,0,0,0
starting_collateral_split,fed_plus_20pp,B_prime,S1,gsib,1,0,0,0,0,0,0,0
starting_collateral_split,fed_plus_20pp,C,S1,svb_like,0.066,0.0616667,0.0528679,0.0704654,0,0,0,0
starting_collateral_split,fed_plus_20pp,C,S1,diversified_regional,0.976667,0,0,0,0,0,0,0
starting_collateral_split,fed_plus_20pp,C,S1,regional_cat3,0.9915,0.011,0.007599,0.014401,0,0,0,0
starting_collateral_split,fed_plus_20pp,C,S1,gsib,1,0.00166667,0.000441858,0.00289148,0,0,0,0
starting_collateral_split,fed_plus_20pp,C_prime,S1,svb_like,0.0228333,0.0201667,0.0150389,0.0252945,0,0,0,0
starting_collateral_split,fed_plus_20pp,C_prime,S1,diversified_regional,0.970611,0,0,0,0,0,0,0
starting_collateral_split,fed_plus_20pp,C_prime,S1,regional_cat3,0.702667,0.000833333,0.000108467,0.0015582,0,0,0,0
starting_collateral_split,fed_plus_20pp,C_prime,S1,gsib,0.935833,0.000666667,-0.000108553,0.00144189,0,0,0,0
starting_collateral_split,fed_plus_20pp,E,S1,svb_like,0.8375,0.113,0.102183,0.123817,0.000625857,0.000625857,0.000158674,0.00109304
starting_collateral_split,fed_plus_20pp,E,S1,diversified_regional,1,0,0,0,0,0,0,0
starting_collateral_split,fed_plus_20pp,E,S1,regional_cat3,1,0,0,0,0,0,0,0
starting_collateral_split,fed_plus_20pp,E,S1,gsib,1,0,0,0,0,0,0,0
starting_collateral_split,fed_plus_20pp,A,S2,svb_like,0.0311667,0.0166667,0.012005,0.0213284,0,0,0,0
starting_collateral_split,fed_plus_20pp,A,S2,diversified_regional,0.999333,0,0,0,0,0,0,0
starting_collateral_split,fed_plus_20pp,A,S2,regional_cat3,0.998556,0,0,0,0,0,0,0
starting_collateral_split,fed_plus_20pp,A,S2,gsib,1,0,0,0,0,0,0,0
starting_collateral_split,fed_plus_20pp,B,S2,svb_like,0.8735,0.0581667,0.0501059,0.0662275,0,0,0,0
starting_collateral_split,fed_plus_20pp,B,S2,diversified_regional,1,0,0,0,0,0,0,0
starting_collateral_split,fed_plus_20pp,B,S2,regional_cat3,1,0,0,0,0,0,0,0
starting_collateral_split,fed_plus_20pp,B,S2,gsib,1,0,0,0,0,0,0,0
starting_collateral_split,fed_plus_20pp,B_prime,S2,svb_like,0.921333,0,0,0,0,0,0,0
starting_collateral_split,fed_plus_20pp,B_prime,S2,diversified_regional,1,0,0,0,0,0,0,0
starting_collateral_split,fed_plus_20pp,B_prime,S2,regional_cat3,1,0,0,0,0,0,0,0
starting_collateral_split,fed_plus_20pp,B_prime,S2,gsib,1,0,0,0,0,0,0,0
starting_collateral_split,fed_plus_20pp,C,S2,svb_like,0.0683333,0.0508333,0.0427428,0.0589239,0,0,0,0
starting_collateral_split,fed_plus_20pp,C,S2,diversified_regional,0.9995,0,0,0,0,0,0,0
starting_collateral_split,fed_plus_20pp,C,S2,regional_cat3,1,0.0005,-0.000112895,0.0011129,0,0,0,0
starting_collateral_split,fed_plus_20pp,C,S2,gsib,1,0,0,0,0,0,0,0
starting_collateral_split,fed_plus_20pp,C_prime,S2,svb_like,0.0176667,0.0123333,0.00831005,0.0163566,0,0,0,0
starting_collateral_split,fed_plus_20pp,C_prime,S2,diversified_regional,0.999333,0,0,0,0,0,0,0
starting_collateral_split,fed_plus_20pp,C_prime,S2,regional_cat3,0.959556,0,0,0,0,0,0,0
starting_collateral_split,fed_plus_20pp,C_prime,S2,gsib,0.998,0,0,0,0,0,0,0
starting_collateral_split,fed_plus_20pp,E,S2,svb_like,0.8735,0.0581667,0.0501059,0.0662275,0,0,0,0
starting_collateral_split,fed_plus_20pp,E,S2,diversified_regional,1,0,0,0,0,0,0,0
starting_collateral_split,fed_plus_20pp,E,S2,regional_cat3,1,0,0,0,0,0,0,0
starting_collateral_split,fed_plus_20pp,E,S2,gsib,1,0,0,0,0,0,0,0
starting_collateral_split,fhlb_minus_20pp,A,S1,svb_like,0.008,0.000666667,-0.00187621,0.00320955,0,0,0,0
starting_collateral_split,fhlb_minus_20pp,A,S1,diversified_regional,0.970611,0,0,0,0,0,0,0
starting_collateral_split,fhlb_minus_20pp,A,S1,regional_cat3,0.958722,0,0,0,0,0,0,0
starting_collateral_split,fhlb_minus_20pp,A,S1,gsib,0.997611,0,0,0,0,0,0,0
starting_collateral_split,fhlb_minus_20pp,B,S1,svb_like,0.709167,-0.0153333,-0.0232229,-0.0074438,0,0,0,0
starting_collateral_split,fhlb_minus_20pp,B,S1,diversified_regional,1,0,0,0,0,0,0,0
starting_collateral_split,fhlb_minus_20pp,B,S1,regional_cat3,1,0,0,0,0,0,0,0
starting_collateral_split,fhlb_minus_20pp,B,S1,gsib,1,0,0,0,0,0,0,0
starting_collateral_split,fhlb_minus_20pp,B_prime,S1,svb_like,0.956333,0,0,0,0,0,0,0
starting_collateral_split,fhlb_minus_20pp,B_prime,S1,diversified_regional,1,0,0,0,0,0,0,0
starting_collateral_split,fhlb_minus_20pp,B_prime,S1,regional_cat3,1,0,0,0,0,0,0,0
starting_collateral_split,fhlb_minus_20pp,B_prime,S1,gsib,1,0,0,0,0,0,0,0
starting_collateral_split,fhlb_minus_20pp,C,S1,svb_like,0.0106667,0.00633333,0.00309711,0.00956955,0,0,0,0
starting_collateral_split,fhlb_minus_20pp,C,S1,diversified_regional,0.976667,0,0,0,0,0,0,0
starting_collateral_split,fhlb_minus_20pp,C,S1,regional_cat3,0.9805,0,0,0,0,0,0,0
starting_collateral_split,fhlb_minus_20pp,C,S1,gsib,0.998333,0,0,0,0,0,0,0
starting_collateral_split,fhlb_minus_20pp,C_prime,S1,svb_like,0.00383333,0.00116667,-0.000588664,0.002922,0,0,0,0
starting_collateral_split,fhlb_minus_20pp,C_prime,S1,diversified_regional,0.970611,0,0,0,0,0,0,0
starting_collateral_split,fhlb_minus_20pp,C_prime,S1,regional_cat3,0.701833,0,0,0,0,0,0,0
starting_collateral_split,fhlb_minus_20pp,C_prime,S1,gsib,0.936611,0.00144444,7.13361e-05,0.00281755,0,0,0,0
starting_collateral_split,fhlb_minus_20pp,E,S1,svb_like,0.709167,-0.0153333,-0.0232229,-0.0074438,0,0,0,0
starting_collateral_split,fhlb_minus_20pp,E,S1,diversified_regional,1,0,0,0,0,0,0,0
starting_collateral_split,fhlb_minus_20pp,E,S1,regional_cat3,1,0,0,0,0,0,0,0
starting_collateral_split,fhlb_minus_20pp,E,S1,gsib,1,0,0,0,0,0,0,0
starting_collateral_split,fhlb_minus_20pp,A,S2,svb_like,0.021,0.0065,0.00123786,0.0117621,0,0,0,0
starting_collateral_split,fhlb_minus_20pp,A,S2,diversified_regional,0.999333,0,0,0,0,0,0,0
starting_collateral_split,fhlb_minus_20pp,A,S2,regional_cat3,0.998556,0,0,0,0,0,0,0
starting_collateral_split,fhlb_minus_20pp,A,S2,gsib,1,0,0,0,0,0,0,0
starting_collateral_split,fhlb_minus_20pp,B,S2,svb_like,0.791,-0.0243333,-0.031321,-0.0173456,0,0,0,0
starting_collateral_split,fhlb_minus_20pp,B,S2,diversified_regional,1,0,0,0,0,0,0,0
starting_collateral_split,fhlb_minus_20pp,B,S2,regional_cat3,1,0,0,0,0,0,0,0
starting_collateral_split,fhlb_minus_20pp,B,S2,gsib,1,0,0,0,0,0,0,0
starting_collateral_split,fhlb_minus_20pp,B_prime,S2,svb_like,0.921333,0,0,0,0,0,0,0
starting_collateral_split,fhlb_minus_20pp,B_prime,S2,diversified_regional,1,0,0,0,0,0,0,0
starting_collateral_split,fhlb_minus_20pp,B_prime,S2,regional_cat3,1,0,0,0,0,0,0,0
starting_collateral_split,fhlb_minus_20pp,B_prime,S2,gsib,1,0,0,0,0,0,0,0
starting_collateral_split,fhlb_minus_20pp,C,S2,svb_like,0.044,0.0265,0.0199625,0.0330375,0,0,0,0
starting_collateral_split,fhlb_minus_20pp,C,S2,diversified_regional,0.9995,0,0,0,0,0,0,0
starting_collateral_split,fhlb_minus_20pp,C,S2,regional_cat3,0.9995,0,0,0,0,0,0,0
starting_collateral_split,fhlb_minus_20pp,C,S2,gsib,1,0,0,0,0,0,0,0
starting_collateral_split,fhlb_minus_20pp,C_prime,S2,svb_like,0.0123333,0.007,0.00351928,0.0104807,0,0,0,0
starting_collateral_split,fhlb_minus_20pp,C_prime,S2,diversified_regional,0.999333,0,0,0,0,0,0,0
starting_collateral_split,fhlb_minus_20pp,C_prime,S2,regional_cat3,0.959556,0,0,0,0,0,0,0
starting_collateral_split,fhlb_minus_20pp,C_prime,S2,gsib,0.998,0,0,0,0,0,0,0
starting_collateral_split,fhlb_minus_20pp,E,S2,svb_like,0.791,-0.0243333,-0.031321,-0.0173456,0,0,0,0
starting_collateral_split,fhlb_minus_20pp,E,S2,diversified_regional,1,0,0,0,0,0,0,0
starting_collateral_split,fhlb_minus_20pp,E,S2,regional_cat3,1,0,0,0,0,0,0,0
starting_collateral_split,fhlb_minus_20pp,E,S2,gsib,1,0,0,0,0,0,0,0
starting_collateral_split,fhlb_plus_20pp,A,S1,svb_like,0.00266667,-0.00466667,-0.00714388,-0.00218945,0,0,0,0
starting_collateral_split,fhlb_plus_20pp,A,S1,diversified_regional,0.970611,0,0,0,0,0,0,0
starting_collateral_split,fhlb_plus_20pp,A,S1,regional_cat3,0.958722,0,0,0,0,0,0,0
starting_collateral_split,fhlb_plus_20pp,A,S1,gsib,0.997611,0,0,0,0,0,0,0
starting_collateral_split,fhlb_plus_20pp,B,S1,svb_like,0.684667,-0.0398333,-0.0469864,-0.0326803,0,0,0,0
starting_collateral_split,fhlb_plus_20pp,B,S1,diversified_regional,1,0,0,0,0,0,0,0
starting_collateral_split,fhlb_plus_20pp,B,S1,regional_cat3,1,0,0,0,0,0,0,0
starting_collateral_split,fhlb_plus_20pp,B,S1,gsib,1,0,0,0,0,0,0,0
starting_collateral_split,fhlb_plus_20pp,B_prime,S1,svb_like,0.956333,0,0,0,0,0,0,0
starting_collateral_split,fhlb_plus_20pp,B_prime,S1,diversified_regional,1,0,0,0,0,0,0,0
starting_collateral_split,fhlb_plus_20pp,B_prime,S1,regional_cat3,1,0,0,0,0,0,0,0
starting_collateral_split,fhlb_plus_20pp,B_prime,S1,gsib,1,0,0,0,0,0,0,0
starting_collateral_split,fhlb_plus_20pp,C,S1,svb_like,0.000833333,-0.0035,-0.00567273,-0.00132727,0,0,0,0
starting_collateral_split,fhlb_plus_20pp,C,S1,diversified_regional,0.976667,0,0,0,0,0,0,0
starting_collateral_split,fhlb_plus_20pp,C,S1,regional_cat3,0.9805,0,0,0,0,0,0,0
starting_collateral_split,fhlb_plus_20pp,C,S1,gsib,0.998333,0,0,0,0,0,0,0
starting_collateral_split,fhlb_plus_20pp,C_prime,S1,svb_like,0.000666667,-0.002,-0.00364367,-0.000356335,0,0,0,0
starting_collateral_split,fhlb_plus_20pp,C_prime,S1,diversified_regional,0.970611,0,0,0,0,0,0,0
starting_collateral_split,fhlb_plus_20pp,C_prime,S1,regional_cat3,0.701833,0,0,0,0,0,0,0
starting_collateral_split,fhlb_plus_20pp,C_prime,S1,gsib,0.935167,0,0,0,0,0,0,0
starting_collateral_split,fhlb_plus_20pp,E,S1,svb_like,0.684667,-0.0398333,-0.0469864,-0.0326803,0,0,0,0
starting_collateral_split,fhlb_plus_20pp,E,S1,diversified_regional,1,0,0,0,0,0,0,0
starting_collateral_split,fhlb_plus_20pp,E,S1,regional_cat3,1,0,0,0,0,0,0,0
starting_collateral_split,fhlb_plus_20pp,E,S1,gsib,1,0,0,0,0,0,0,0
starting_collateral_split,fhlb_plus_20pp,A,S2,svb_like,0.003,-0.0115,-0.015384,-0.00761596,0,0,0,0
starting_collateral_split,fhlb_plus_20pp,A,S2,diversified_regional,0.999333,0,0,0,0,0,0,0
starting_collateral_split,fhlb_plus_20pp,A,S2,regional_cat3,0.998556,0,0,0,0,0,0,0
starting_collateral_split,fhlb_plus_20pp,A,S2,gsib,1,0,0,0,0,0,0,0
starting_collateral_split,fhlb_plus_20pp,B,S2,svb_like,0.8025,-0.0128333,-0.0168825,-0.00878422,0,0,0,0
starting_collateral_split,fhlb_plus_20pp,B,S2,diversified_regional,1,0,0,0,0,0,0,0
starting_collateral_split,fhlb_plus_20pp,B,S2,regional_cat3,1,0,0,0,0,0,0,0
starting_collateral_split,fhlb_plus_20pp,B,S2,gsib,1,0,0,0,0,0,0,0
starting_collateral_split,fhlb_plus_20pp,B_prime,S2,svb_like,0.921333,0,0,0,0,0,0,0
starting_collateral_split,fhlb_plus_20pp,B_prime,S2,diversified_regional,1,0,0,0,0,0,0,0
starting_collateral_split,fhlb_plus_20pp,B_prime,S2,regional_cat3,1,0,0,0,0,0,0,0
starting_collateral_split,fhlb_plus_20pp,B_prime,S2,gsib,1,0,0,0,0,0,0,0
starting_collateral_split,fhlb_plus_20pp,C,S2,svb_like,0.002,-0.0155,-0.0200447,-0.0109553,0,0,0,0
starting_collateral_split,fhlb_plus_20pp,C,S2,diversified_regional,0.9995,0,0,0,0,0,0,0
starting_collateral_split,fhlb_plus_20pp,C,S2,regional_cat3,0.9995,0,0,0,0,0,0,0
starting_collateral_split,fhlb_plus_20pp,C,S2,gsib,1,0,0,0,0,0,0,0
starting_collateral_split,fhlb_plus_20pp,C_prime,S2,svb_like,0.001,-0.00433333,-0.00671859,-0.00194807,0,0,0,0
starting_collateral_split,fhlb_plus_20pp,C_prime,S2,diversified_regional,0.999333,0,0,0,0,0,0,0
starting_collateral_split,fhlb_plus_20pp,C_prime,S2,regional_cat3,0.959556,0,0,0,0,0,0,0
starting_collateral_split,fhlb_plus_20pp,C_prime,S2,gsib,0.998,0,0,0,0,0,0,0
starting_collateral_split,fhlb_plus_20pp,E,S2,svb_like,0.8025,-0.0128333,-0.0168825,-0.00878422,0,0,0,0
starting_collateral_split,fhlb_plus_20pp,E,S2,diversified_regional,1,0,0,0,0,0,0,0
starting_collateral_split,fhlb_plus_20pp,E,S2,regional_cat3,1,0,0,0,0,0,0,0
starting_collateral_split,fhlb_plus_20pp,E,S2,gsib,1,0,0,0,0,0,0,0
fhlb_line_share,0.03,A,S1,svb_like,0.0015,-0.00583333,-0.00858083,-0.00308584,0,0,0,0
fhlb_line_share,0.03,A,S1,diversified_regional,0.869556,-0.101056,-0.111767,-0.090344,0,0,0,0
fhlb_line_share,0.03,A,S1,regional_cat3,0.869,-0.0897222,-0.0999233,-0.0795212,0,0,0,0
fhlb_line_share,0.03,A,S1,gsib,0.992333,-0.00527778,-0.00760547,-0.00295008,0,0,0,0
fhlb_line_share,0.03,B,S1,svb_like,0.615833,-0.108667,-0.119502,-0.0978309,0,0,0,0
fhlb_line_share,0.03,B,S1,diversified_regional,1,0,0,0,0,0,0,0
fhlb_line_share,0.03,B,S1,regional_cat3,1,0,0,0,0,0,0,0
fhlb_line_share,0.03,B,S1,gsib,1,0,0,0,0,0,0,0
fhlb_line_share,0.03,B_prime,S1,svb_like,0.956333,0,0,0,0,0,0,0
fhlb_line_share,0.03,B_prime,S1,diversified_regional,1,0,0,0,0,0,0,0
fhlb_line_share,0.03,B_prime,S1,regional_cat3,1,0,0,0,0,0,0,0
fhlb_line_share,0.03,B_prime,S1,gsib,1,0,0,0,0,0,0,0
fhlb_line_share,0.03,C,S1,svb_like,0.0005,-0.00383333,-0.00607347,-0.00159319,0,0,0,0
fhlb_line_share,0.03,C,S1,diversified_regional,0.880167,-0.0965,-0.107224,-0.0857761,0,0,0,0
fhlb_line_share,0.03,C,S1,regional_cat3,0.943833,-0.0366667,-0.0434604,-0.0298729,0,0,0,0
fhlb_line_share,0.03,C,S1,gsib,0.995833,-0.0025,-0.00425344,-0.000746555,0,0,0,0
fhlb_line_share,0.03,C_prime,S1,svb_like,0.0005,-0.00216667,-0.00383277,-0.000500566,0,0,0,0
fhlb_line_share,0.03,C_prime,S1,diversified_regional,0.869556,-0.101056,-0.111767,-0.090344,0,0,0,0
fhlb_line_share,0.03,C_prime,S1,regional_cat3,0.521167,-0.180667,-0.194647,-0.166687,0,0,0,0
fhlb_line_share,0.03,C_prime,S1,gsib,0.866222,-0.0689444,-0.0780791,-0.0598098,0,0,0,0
fhlb_line_share,0.03,E,S1,svb_like,0.615833,-0.108667,-0.119502,-0.0978309,0,0,0,0
fhlb_line_share,0.03,E,S1,diversified_regional,1,0,0,0,0,0,0,0
fhlb_line_share,0.03,E,S1,regional_cat3,1,0,0,0,0,0,0,0
fhlb_line_share,0.03,E,S1,gsib,1,0,0,0,0,0,0,0
fhlb_line_share,0.03,A,S2,svb_like,0.00333333,-0.0111667,-0.0149738,-0.00735951,0,0,0,0
fhlb_line_share,0.03,A,S2,diversified_regional,0.996556,-0.00277778,-0.00445016,-0.00110539,0,0,0,0
fhlb_line_share,0.03,A,S2,regional_cat3,0.991278,-0.00727778,-0.0101948,-0.00436076,0,0,0,0
fhlb_line_share,0.03,A,S2,gsib,1,0,0,0,0,0,0,0
fhlb_line_share,0.03,B,S2,svb_like,0.725167,-0.0901667,-0.100363,-0.0799701,0,0,0,0
fhlb_line_share,0.03,B,S2,diversified_regional,1,0,0,0,0,0,0,0
fhlb_line_share,0.03,B,S2,regional_cat3,1,0,0,0,0,0,0,0
fhlb_line_share,0.03,B,S2,gsib,1,0,0,0,0,0,0,0
fhlb_line_share,0.03,B_prime,S2,svb_like,0.921333,0,0,0,0,0,0,0
fhlb_line_share,0.03,B_prime,S2,diversified_regional,1,0,0,0,0,0,0,0
fhlb_line_share,0.03,B_prime,S2,regional_cat3,1,0,0,0,0,0,0,0
fhlb_line_share,0.03,B_prime,S2,gsib,1,0,0,0,0,0,0,0
fhlb_line_share,0.03,C,S2,svb_like,0.002,-0.0155,-0.0200447,-0.0109553,0,0,0,0
fhlb_line_share,0.03,C,S2,diversified_regional,0.997833,-0.00166667,-0.00300866,-0.000324676,0,0,0,0
fhlb_line_share,0.03,C,S2,regional_cat3,0.995,-0.0045,-0.00677181,-0.00222819,0,0,0,0
fhlb_line_share,0.03,C,S2,gsib,1,0,0,0,0,0,0,0
fhlb_line_share,0.03,C_prime,S2,svb_like,0.00133333,-0.004,-0.00625647,-0.00174353,0,0,0,0
fhlb_line_share,0.03,C_prime,S2,diversified_regional,0.996556,-0.00277778,-0.00445016,-0.00110539,0,0,0,0
fhlb_line_share,0.03,C_prime,S2,regional_cat3,0.891444,-0.0681111,-0.0770458,-0.0591764,0,0,0,0
fhlb_line_share,0.03,C_prime,S2,gsib,0.992389,-0.00561111,-0.00833787,-0.00288436,0,0,0,0
fhlb_line_share,0.03,E,S2,svb_like,0.725167,-0.0901667,-0.100363,-0.0799701,0,0,0,0
fhlb_line_share,0.03,E,S2,diversified_regional,1,0,0,0,0,0,0,0
fhlb_line_share,0.03,E,S2,regional_cat3,1,0,0,0,0,0,0,0
fhlb_line_share,0.03,E,S2,gsib,1,0,0,0,0,0,0,0
fhlb_line_share,0.08,A,S1,svb_like,0.0448333,0.0375,0.0305536,0.0444464,0,0,0,0
fhlb_line_share,0.08,A,S1,diversified_regional,0.994611,0.024,0.0187661,0.0292339,0,0,0,0
fhlb_line_share,0.08,A,S1,regional_cat3,0.987389,0.0286667,0.0229915,0.0343419,0,0,0,0
fhlb_line_share,0.08,A,S1,gsib,1,0.00238889,0.000870128,0.00390765,0,0,0,0
fhlb_line_share,0.08,B,S1,svb_like,0.841833,0.117333,0.106093,0.128574,0,0,0,0
fhlb_line_share,0.08,B,S1,diversified_regional,1,0,0,0,0,0,0,0
fhlb_line_share,0.08,B,S1,regional_cat3,1,0,0,0,0,0,0,0
fhlb_line_share,0.08,B,S1,gsib,1,0,0,0,0,0,0,0
fhlb_line_share,0.08,B_prime,S1,svb_like,0.956333,0,0,0,0,0,0,0
fhlb_line_share,0.08,B_prime,S1,diversified_regional,1,0,0,0,0,0,0,0
fhlb_line_share,0.08,B_prime,S1,regional_cat3,1,0,0,0,0,0,0,0
fhlb_line_share,0.08,B_prime,S1,gsib,1,0,0,0,0,0,0,0
fhlb_line_share,0.08,C,S1,svb_like,0.0636667,0.0593333,0.0506938,0.0679729,0,0,0,0
fhlb_line_share,0.08,C,S1,diversified_regional,0.996667,0.02,0.0150125,0.0249875,0,0,0,0
fhlb_line_share,0.08,C,S1,regional_cat3,0.996667,0.0161667,0.0118283,0.020505,0,0,0,0
fhlb_line_share,0.08,C,S1,gsib,0.9995,0.00116667,0.00010549,0.00222784,0,0,0,0
fhlb_line_share,0.08,C_prime,S1,svb_like,0.0226667,0.02,0.0149081,0.0250919,0,0,0,0
fhlb_line_share,0.08,C_prime,S1,diversified_regional,0.994611,0.024,0.0187661,0.0292339,0,0,0,0
fhlb_line_share,0.08,C_prime,S1,regional_cat3,0.928333,0.2265,0.211477,0.241523,0,0,0,0
fhlb_line_share,0.08,C_prime,S1,gsib,0.989611,0.0544444,0.0462149,0.0626739,0,0,0,0
fhlb_line_share,0.08,E,S1,svb_like,0.841833,0.117333,0.106093,0.128574,0,0,0,0
fhlb_line_share,0.08,E,S1,diversified_regional,1,0,0,0,0,0,0,0
fhlb_line_share,0.08,E,S1,regional_cat3,1,0,0,0,0,0,0,0
fhlb_line_share,0.08,E,S1,gsib,1,0,0,0,0,0,0,0
fhlb_line_share,0.08,A,S2,svb_like,0.0875,0.073,0.0634768,0.0825232,0,0,0,0
fhlb_line_share,0.08,A,S2,diversified_regional,0.999889,0.000555556,-0.00027191,0.00138302,0,0,0,0
fhlb_line_share,0.08,A,S2,regional_cat3,1,0.00144444,0.000146406,0.00274248,0,0,0,0
fhlb_line_share,0.08,A,S2,gsib,1,0,0,0,0,0,0,0
fhlb_line_share,0.08,B,S2,svb_like,0.874167,0.0588333,0.0504587,0.067208,0,0,0,0
fhlb_line_share,0.08,B,S2,diversified_regional,1,0,0,0,0,0,0,0
fhlb_line_share,0.08,B,S2,regional_cat3,1,0,0,0,0,0,0,0
fhlb_line_share,0.08,B,S2,gsib,1,0,0,0,0,0,0,0
fhlb_line_share,0.08,B_prime,S2,svb_like,0.921333,0,0,0,0,0,0,0
fhlb_line_share,0.08,B_prime,S2,diversified_regional,1,0,0,0,0,0,0,0
fhlb_line_share,0.08,B_prime,S2,regional_cat3,1,0,0,0,0,0,0,0
fhlb_line_share,0.08,B_prime,S2,gsib,1,0,0,0,0,0,0,0
fhlb_line_share,0.08,C,S2,svb_like,0.1255,0.108,0.0966272,0.119373,0,0,0,0
fhlb_line_share,0.08,C,S2,diversified_regional,1,0.0005,-0.00032245,0.00132245,0,0,0,0
fhlb_line_share,0.08,C,S2,regional_cat3,1,0.0005,-0.000112895,0.0011129,0,0,0,0
fhlb_line_share,0.08,C,S2,gsib,1,0,0,0,0,0,0,0
fhlb_line_share,0.08,C_prime,S2,svb_like,0.046,0.0406667,0.0334311,0.0479023,0,0,0,0
fhlb_line_share,0.08,C_prime,S2,diversified_regional,0.999889,0.000555556,-0.00027191,0.00138302,0,0,0,0
fhlb_line_share,0.08,C_prime,S2,regional_cat3,0.995667,0.0361111,0.0295066,0.0427156,0,0,0,0
fhlb_line_share,0.08,C_prime,S2,gsib,1,0.002,0.000356335,0.00364367,0,0,0,0
fhlb_line_share,0.08,E,S2,svb_like,0.874167,0.0588333,0.0504587,0.067208,0,0,0,0
fhlb_line_share,0.08,E,S2,diversified_regional,1,0,0,0,0,0,0,0
fhlb_line_share,0.08,E,S2,regional_cat3,1,0,0,0,0,0,0,0
fhlb_line_share,0.08,E,S2,gsib,1,0,0,0,0,0,0,0
repo_line_multiple,x0.5,A,S1,svb_like,0.00733333,0,0,0,0,0,0,0
repo_line_multiple,x0.5,A,S1,diversified_regional,0.969056,-0.00155556,-0.00259617,-0.000514937,0,0,0,0
repo_line_multiple,x0.5,A,S1,regional_cat3,0.958333,-0.000388889,-0.00141074,0.000632963,0,0,0,0
repo_line_multiple,x0.5,A,S1,gsib,0.997611,0,0,0,0,0,0,0
repo_line_multiple,x0.5,B,S1,svb_like,0.7245,0,0,0,0,0,0,0
repo_line_multiple,x0.5,B,S1,diversified_regional,1,0,0,0,0,0,0,0
repo_line_multiple,x0.5,B,S1,regional_cat3,1,0,0,0,0,0,0,0
repo_line_multiple,x0.5,B,S1,gsib,1,0,0,0,0,0,0,0
repo_line_multiple,x0.5,B_prime,S1,svb_like,0.956333,0,0,0,0,0,0,0
repo_line_multiple,x0.5,B_prime,S1,diversified_regional,1,0,0,0,0,0,0,0
repo_line_multiple,x0.5,B_prime,S1,regional_cat3,1,0,0,0,0,0,0,0
repo_line_multiple,x0.5,B_prime,S1,gsib,1,0,0,0,0,0,0,0
repo_line_multiple,x0.5,C,S1,svb_like,0.00433333,0,0,0,0,0,0,0
repo_line_multiple,x0.5,C,S1,diversified_regional,0.975667,-0.001,-0.00202537,2.53721e-05,0,0,0,0
repo_line_multiple,x0.5,C,S1,regional_cat3,0.98,-0.0005,-0.00132245,0.00032245,0,0,0,0
repo_line_multiple,x0.5,C,S1,gsib,0.998333,0,0,0,0,0,0,0
repo_line_multiple,x0.5,C_prime,S1,svb_like,0.00266667,0,0,0,0,0,0,0
repo_line_multiple,x0.5,C_prime,S1,diversified_regional,0.969056,-0.00155556,-0.00259617,-0.000514937,0,0,0,0
repo_line_multiple,x0.5,C_prime,S1,regional_cat3,0.707333,0.0055,0.00130118,0.00969882,0,0,0,0
repo_line_multiple,x0.5,C_prime,S1,gsib,0.946722,0.0115556,0.00764067,0.0154704,0,0,0,0
repo_line_multiple,x0.5,E,S1,svb_like,0.7245,0,0,0,0,0,0,0
repo_line_multiple,x0.5,E,S1,diversified_regional,1,0,0,0,0,0,0,0
repo_line_multiple,x0.5,E,S1,regional_cat3,1,0,0,0,0,0,0,0
repo_line_multiple,x0.5,E,S1,gsib,1,0,0,0,0,0,0,0
repo_line_multiple,x0.5,A,S2,svb_like,0.0145,0,0,0,0,0,0,0
repo_line_multiple,x0.5,A,S2,diversified_regional,0.999333,0,0,0,0,0,0,0
repo_line_multiple,x0.5,A,S2,regional_cat3,0.998444,-0.000111111,-0.000293878,7.16556e-05,0,0,0,0
repo_line_multiple,x0.5,A,S2,gsib,1,0,0,0,0,0,0,0
repo_line_multiple,x0.5,B,S2,svb_like,0.815333,0,0,0,0,0,0,0
repo_line_multiple,x0.5,B,S2,diversified_regional,1,0,0,0,0,0,0,0
repo_line_multiple,x0.5,B,S2,regional_cat3,1,0,0,0,0,0,0,0
repo_line_multiple,x0.5,B,S2,gsib,1,0,0,0,0,0,0,0
repo_line_multiple,x0.5,B_prime,S2,svb_like,0.921333,0,0,0,0,0,0,0
repo_line_multiple,x0.5,B_prime,S2,diversified_regional,1,0,0,0,0,0,0,0
repo_line_multiple,x0.5,B_prime,S2,regional_cat3,1,0,0,0,0,0,0,0
repo_line_multiple,x0.5,B_prime,S2,gsib,1,0,0,0,0,0,0,0
repo_line_multiple,x0.5,C,S2,svb_like,0.0175,0,0,0,0,0,0,0
repo_line_multiple,x0.5,C,S2,diversified_regional,0.9995,0,0,0,0,0,0,0
repo_line_multiple,x0.5,C,S2,regional_cat3,0.9995,0,0,0,0,0,0,0
repo_line_multiple,x0.5,C,S2,gsib,1,0,0,0,0,0,0,0
repo_line_multiple,x0.5,C_prime,S2,svb_like,0.00533333,0,0,0,0,0,0,0
repo_line_multiple,x0.5,C_prime,S2,diversified_regional,0.999333,0,0,0,0,0,0,0
repo_line_multiple,x0.5,C_prime,S2,regional_cat3,0.957722,-0.00183333,-0.00460651,0.00093984,0,0,0,0
repo_line_multiple,x0.5,C_prime,S2,gsib,0.9985,0.0005,-0.00032245,0.00132245,0,0,0,0
repo_line_multiple,x0.5,E,S2,svb_like,0.815333,0,0,0,0,0,0,0
repo_line_multiple,x0.5,E,S2,diversified_regional,1,0,0,0,0,0,0,0
repo_line_multiple,x0.5,E,S2,regional_cat3,1,0,0,0,0,0,0,0
repo_line_multiple,x0.5,E,S2,gsib,1,0,0,0,0,0,0,0
repo_line_multiple,x1.5,A,S1,svb_like,0.00733333,0,0,0,0,0,0,0
repo_line_multiple,x1.5,A,S1,diversified_regional,0.970333,-0.000277778,-0.00179905,0.00124349,0,0,0,0
repo_line_multiple,x1.5,A,S1,regional_cat3,0.958667,-5.55556e-05,-0.000983225,0.000872114,0,0,0,0
repo_line_multiple,x1.5,A,S1,gsib,0.997611,0,0,0,0,0,0,0
repo_line_multiple,x1.5,B,S1,svb_like,0.7245,0,0,0,0,0,0,0
repo_line_multiple,x1.5,B,S1,diversified_regional,1,0,0,0,0,0,0,0
repo_line_multiple,x1.5,B,S1,regional_cat3,1,0,0,0,0,0,0,0
repo_line_multiple,x1.5,B,S1,gsib,1,0,0,0,0,0,0,0
repo_line_multiple,x1.5,B_prime,S1,svb_like,0.956333,0,0,0,0,0,0,0
repo_line_multiple,x1.5,B_prime,S1,diversified_regional,1,0,0,0,0,0,0,0
repo_line_multiple,x1.5,B_prime,S1,regional_cat3,1,0,0,0,0,0,0,0
repo_line_multiple,x1.5,B_prime,S1,gsib,1,0,0,0,0,0,0,0
repo_line_multiple,x1.5,C,S1,svb_like,0.00433333,0,0,0,0,0,0,0
repo_line_multiple,x1.5,C,S1,diversified_regional,0.977,0.000333333,-0.000952807,0.00161947,0,0,0,0
repo_line_multiple,x1.5,C,S1,regional_cat3,0.98,-0.0005,-0.00132245,0.00032245,0,0,0,0
repo_line_multiple,x1.5,C,S1,gsib,0.998333,0,0,0,0,0,0,0
repo_line_multiple,x1.5,C_prime,S1,svb_like,0.00266667,0,0,0,0,0,0,0
repo_line_multiple,x1.5,C_prime,S1,diversified_regional,0.970333,-0.000277778,-0.00179905,0.00124349,0,0,0,0
repo_line_multiple,x1.5,C_prime,S1,regional_cat3,0.702889,0.00105556,-0.00185056,0.00396167,0,0,0,0
repo_line_multiple,x1.5,C_prime,S1,gsib,0.934278,-0.000888889,-0.002059,0.000281225,0,0,0,0
repo_line_multiple,x1.5,E,S1,svb_like,0.7245,0,0,0,0,0,0,0
repo_line_multiple,x1.5,E,S1,diversified_regional,1,0,0,0,0,0,0,0
repo_line_multiple,x1.5,E,S1,regional_cat3,1,0,0,0,0,0,0,0
repo_line_multiple,x1.5,E,S1,gsib,1,0,0,0,0,0,0,0
repo_line_multiple,x1.5,A,S2,svb_like,0.0145,0,0,0,0,0,0,0
repo_line_multiple,x1.5,A,S2,diversified_regional,0.999333,0,0,0,0,0,0,0
repo_line_multiple,x1.5,A,S2,regional_cat3,0.998556,0,0,0,0,0,0,0
repo_line_multiple,x1.5,A,S2,gsib,1,0,0,0,0,0,0,0
repo_line_multiple,x1.5,B,S2,svb_like,0.815333,0,0,0,0,0,0,0
repo_line_multiple,x1.5,B,S2,diversified_regional,1,0,0,0,0,0,0,0
repo_line_multiple,x1.5,B,S2,regional_cat3,1,0,0,0,0,0,0,0
repo_line_multiple,x1.5,B,S2,gsib,1,0,0,0,0,0,0,0
repo_line_multiple,x1.5,B_prime,S2,svb_like,0.921333,0,0,0,0,0,0,0
repo_line_multiple,x1.5,B_prime,S2,diversified_regional,1,0,0,0,0,0,0,0
repo_line_multiple,x1.5,B_prime,S2,regional_cat3,1,0,0,0,0,0,0,0
repo_line_multiple,x1.5,B_prime,S2,gsib,1,0,0,0,0,0,0,0
repo_line_multiple,x1.5,C,S2,svb_like,0.0175,0,0,0,0,0,0,0
repo_line_multiple,x1.5,C,S2,diversified_regional,0.9995,0,0,0,0,0,0,0
repo_line_multiple,x1.5,C,S2,regional_cat3,0.9995,0,0,0,0,0,0,0
repo_line_multiple,x1.5,C,S2,gsib,1,0,0,0,0,0,0,0
repo_line_multiple,x1.5,C_prime,S2,svb_like,0.00533333,0,0,0,0,0,0,0
repo_line_multiple,x1.5,C_prime,S2,diversified_regional,0.999333,0,0,0,0,0,0,0
repo_line_multiple,x1.5,C_prime,S2,regional_cat3,0.960778,0.00122222,-0.000632576,0.00307702,0,0,0,0
repo_line_multiple,x1.5,C_prime,S2,gsib,0.998,0,0,0,0,0,0,0
repo_line_multiple,x1.5,E,S2,svb_like,0.815333,0,0,0,0,0,0,0
repo_line_multiple,x1.5,E,S2,diversified_regional,1,0,0,0,0,0,0,0
repo_line_multiple,x1.5,E,S2,regional_cat3,1,0,0,0,0,0,0,0
repo_line_multiple,x1.5,E,S2,gsib,1,0,0,0,0,0,0,0
