sensitivity,point,comparison,scenario,bank_type,cells,cells_changed
leak_probability,0.0,B_vs_C,S1,svb_like,9,0
leak_probability,0.0,B_vs_C,S1,diversified_regional,9,0
leak_probability,0.0,B_vs_C,S1,regional_cat3,9,0
leak_probability,0.0,B_vs_C,S1,gsib,9,6
leak_probability,0.0,B_vs_E,S1,svb_like,9,0
leak_probability,0.0,B_vs_E,S1,diversified_regional,9,0
leak_probability,0.0,B_vs_E,S1,regional_cat3,9,0
leak_probability,0.0,B_vs_E,S1,gsib,9,0
leak_probability,0.0,C_vs_A,S1,svb_like,9,0
leak_probability,0.0,C_vs_A,S1,diversified_regional,9,6
leak_probability,0.0,C_vs_A,S1,regional_cat3,9,0
leak_probability,0.0,C_vs_A,S1,gsib,9,6
leak_probability,0.0,B_vs_A,S1,svb_like,9,0
leak_probability,0.0,B_vs_A,S1,diversified_regional,9,0
leak_probability,0.0,B_vs_A,S1,regional_cat3,9,0
leak_probability,0.0,B_vs_A,S1,gsib,9,0
leak_probability,0.0,E_vs_A,S1,svb_like,9,0
leak_probability,0.0,E_vs_A,S1,diversified_regional,9,0
leak_probability,0.0,E_vs_A,S1,regional_cat3,9,0
leak_probability,0.0,E_vs_A,S1,gsib,9,0
leak_probability,0.0,C_prime_vs_C,S1,svb_like,9,0
leak_probability,0.0,C_prime_vs_C,S1,diversified_regional,9,6
leak_probability,0.0,C_prime_vs_C,S1,regional_cat3,9,0
leak_probability,0.0,C_prime_vs_C,S1,gsib,9,0
leak_probability,0.0,B_prime_vs_B,S1,svb_like,9,0
leak_probability,0.0,B_prime_vs_B,S1,diversified_regional,9,0
leak_probability,0.0,B_prime_vs_B,S1,regional_cat3,9,0
leak_probability,0.0,B_prime_vs_B,S1,gsib,9,0
leak_probability,0.0,B_vs_C,S2,svb_like,9,0
leak_probability,0.0,B_vs_C,S2,diversified_regional,9,0
leak_probability,0.0,B_vs_C,S2,regional_cat3,9,0
leak_probability,0.0,B_vs_C,S2,gsib,9,0
leak_probability,0.0,B_vs_E,S2,svb_like,9,0
leak_probability,0.0,B_vs_E,S2,diversified_regional,9,0
leak_probability,0.0,B_vs_E,S2,regional_cat3,9,0
leak_probability,0.0,B_vs_E,S2,gsib,9,0
leak_probability,0.0,C_vs_A,S2,svb_like,9,0
leak_probability,0.0,C_vs_A,S2,diversified_regional,9,0
leak_probability,0.0,C_vs_A,S2,regional_cat3,9,0
leak_probability,0.0,C_vs_A,S2,gsib,9,0
leak_probability,0.0,B_vs_A,S2,svb_like,9,0
leak_probability,0.0,B_vs_A,S2,diversified_regional,9,0
leak_probability,0.0,B_vs_A,S2,regional_cat3,9,6
leak_probability,0.0,B_vs_A,S2,gsib,9,0
leak_probability,0.0,E_vs_A,S2,svb_like,9,0
leak_probability,0.0,E_vs_A,S2,diversified_regional,9,0
leak_probability,0.0,E_vs_A,S2,regional_cat3,9,6
leak_probability,0.0,E_vs_A,S2,gsib,9,0
leak_probability,0.0,C_prime_vs_C,S2,svb_like,9,0
leak_probability,0.0,C_prime_vs_C,S2,diversified_regional,9,0
leak_probability,0.0,C_prime_vs_C,S2,regional_cat3,9,0
leak_probability,0.0,C_prime_vs_C,S2,gsib,9,0
leak_probability,0.0,B_prime_vs_B,S2,svb_like,9,0
leak_probability,0.0,B_prime_vs_B,S2,diversified_regional,9,0
leak_probability,0.0,B_prime_vs_B,S2,regional_cat3,9,0
leak_probability,0.0,B_prime_vs_B,S2,gsib,9,0
leak_probability,0.5,B_vs_C,S1,svb_like,9,0
leak_probability,0.5,B_vs_C,S1,diversified_regional,9,0
leak_probability,0.5,B_vs_C,S1,regional_cat3,9,0
leak_probability,0.5,B_vs_C,S1,gsib,9,3
leak_probability,0.5,B_vs_E,S1,svb_like,9,0
leak_probability,0.5,B_vs_E,S1,diversified_regional,9,0
leak_probability,0.5,B_vs_E,S1,regional_cat3,9,0
leak_probability,0.5,B_vs_E,S1,gsib,9,0
leak_probability,0.5,C_vs_A,S1,svb_like,9,3
leak_probability,0.5,C_vs_A,S1,diversified_regional,9,1
leak_probability,0.5,C_vs_A,S1,regional_cat3,9,0
leak_probability,0.5,C_vs_A,S1,gsib,9,0
leak_probability,0.5,B_vs_A,S1,svb_like,9,0
leak_probability,0.5,B_vs_A,S1,diversified_regional,9,0
leak_probability,0.5,B_vs_A,S1,regional_cat3,9,0
leak_probability,0.5,B_vs_A,S1,gsib,9,2
leak_probability,0.5,E_vs_A,S1,svb_like,9,0
leak_probability,0.5,E_vs_A,S1,diversified_regional,9,0
leak_probability,0.5,E_vs_A,S1,regional_cat3,9,0
leak_probability,0.5,E_vs_A,S1,gsib,9,2
leak_probability,0.5,C_prime_vs_C,S1,svb_like,9,0
leak_probability,0.5,C_prime_vs_C,S1,diversified_regional,9,1
leak_probability,0.5,C_prime_vs_C,S1,regional_cat3,9,0
leak_probability,0.5,C_prime_vs_C,S1,gsib,9,0
leak_probability,0.5,B_prime_vs_B,S1,svb_like,9,0
leak_probability,0.5,B_prime_vs_B,S1,diversified_regional,9,0
leak_probability,0.5,B_prime_vs_B,S1,regional_cat3,9,0
leak_probability,0.5,B_prime_vs_B,S1,gsib,9,0
leak_probability,0.5,B_vs_C,S2,svb_like,9,0
leak_probability,0.5,B_vs_C,S2,diversified_regional,9,6
leak_probability,0.5,B_vs_C,S2,regional_cat3,9,9
leak_probability,0.5,B_vs_C,S2,gsib,9,0
leak_probability,0.5,B_vs_E,S2,svb_like,9,0
leak_probability,0.5,B_vs_E,S2,diversified_regional,9,0
leak_probability,0.5,B_vs_E,S2,regional_cat3,9,0
leak_probability,0.5,B_vs_E,S2,gsib,9,0
leak_probability,0.5,C_vs_A,S2,svb_like,9,0
leak_probability,0.5,C_vs_A,S2,diversified_regional,9,0
leak_probability,0.5,C_vs_A,S2,regional_cat3,9,9
leak_probability,0.5,C_vs_A,S2,gsib,9,0
leak_probability,0.5,B_vs_A,S2,svb_like,9,0
leak_probability,0.5,B_vs_A,S2,diversified_regional,9,9
leak_probability,0.5,B_vs_A,S2,regional_cat3,9,3
leak_probability,0.5,B_vs_A,S2,gsib,9,0
leak_probability,0.5,E_vs_A,S2,svb_like,9,0
leak_probability,0.5,E_vs_A,S2,diversified_regional,9,9
leak_probability,0.5,E_vs_A,S2,regional_cat3,9,3
leak_probability,0.5,E_vs_A,S2,gsib,9,0
leak_probability,0.5,C_prime_vs_C,S2,svb_like,9,0
leak_probability,0.5,C_prime_vs_C,S2,diversified_regional,9,0
leak_probability,0.5,C_prime_vs_C,S2,regional_cat3,9,0
leak_probability,0.5,C_prime_vs_C,S2,gsib,9,0
leak_probability,0.5,B_prime_vs_B,S2,svb_like,9,0
leak_probability,0.5,B_prime_vs_B,S2,diversified_regional,9,0
leak_probability,0.5,B_prime_vs_B,S2,regional_cat3,9,0
leak_probability,0.5,B_prime_vs_B,S2,gsib,9,0
leak_lag_days,0,B_vs_C,S1,svb_like,9,0
leak_lag_days,0,B_vs_C,S1,diversified_regional,9,0
leak_lag_days,0,B_vs_C,S1,regional_cat3,9,0
leak_lag_days,0,B_vs_C,S1,gsib,9,0
leak_lag_days,0,B_vs_E,S1,svb_like,9,0
leak_lag_days,0,B_vs_E,S1,diversified_regional,9,0
leak_lag_days,0,B_vs_E,S1,regional_cat3,9,0
leak_lag_days,0,B_vs_E,S1,gsib,9,0
leak_lag_days,0,C_vs_A,S1,svb_like,9,0
leak_lag_days,0,C_vs_A,S1,diversified_regional,9,1
leak_lag_days,0,C_vs_A,S1,regional_cat3,9,0
leak_lag_days,0,C_vs_A,S1,gsib,9,0
leak_lag_days,0,B_vs_A,S1,svb_like,9,0
leak_lag_days,0,B_vs_A,S1,diversified_regional,9,0
leak_lag_days,0,B_vs_A,S1,regional_cat3,9,0
leak_lag_days,0,B_vs_A,S1,gsib,9,0
leak_lag_days,0,E_vs_A,S1,svb_like,9,0
leak_lag_days,0,E_vs_A,S1,diversified_regional,9,0
leak_lag_days,0,E_vs_A,S1,regional_cat3,9,0
leak_lag_days,0,E_vs_A,S1,gsib,9,0
leak_lag_days,0,C_prime_vs_C,S1,svb_like,9,0
leak_lag_days,0,C_prime_vs_C,S1,diversified_regional,9,1
leak_lag_days,0,C_prime_vs_C,S1,regional_cat3,9,0
leak_lag_days,0,C_prime_vs_C,S1,gsib,9,0
leak_lag_days,0,B_prime_vs_B,S1,svb_like,9,0
leak_lag_days,0,B_prime_vs_B,S1,diversified_regional,9,0
leak_lag_days,0,B_prime_vs_B,S1,regional_cat3,9,0
leak_lag_days,0,B_prime_vs_B,S1,gsib,9,0
leak_lag_days,0,B_vs_C,S2,svb_like,9,0
leak_lag_days,0,B_vs_C,S2,diversified_regional,9,0
leak_lag_days,0,B_vs_C,S2,regional_cat3,9,9
leak_lag_days,0,B_vs_C,S2,gsib,9,0
leak_lag_days,0,B_vs_E,S2,svb_like,9,0
leak_lag_days,0,B_vs_E,S2,diversified_regional,9,0
leak_lag_days,0,B_vs_E,S2,regional_cat3,9,0
leak_lag_days,0,B_vs_E,S2,gsib,9,0
leak_lag_days,0,C_vs_A,S2,svb_like,9,0
leak_lag_days,0,C_vs_A,S2,diversified_regional,9,0
leak_lag_days,0,C_vs_A,S2,regional_cat3,9,4
leak_lag_days,0,C_vs_A,S2,gsib,9,0
leak_lag_days,0,B_vs_A,S2,svb_like,9,0
leak_lag_days,0,B_vs_A,S2,diversified_regional,9,0
leak_lag_days,0,B_vs_A,S2,regional_cat3,9,3
leak_lag_days,0,B_vs_A,S2,gsib,9,0
leak_lag_days,0,E_vs_A,S2,svb_like,9,0
leak_lag_days,0,E_vs_A,S2,diversified_regional,9,0
leak_lag_days,0,E_vs_A,S2,regional_cat3,9,3
leak_lag_days,0,E_vs_A,S2,gsib,9,0
leak_lag_days,0,C_prime_vs_C,S2,svb_like,9,0
leak_lag_days,0,C_prime_vs_C,S2,diversified_regional,9,0
leak_lag_days,0,C_prime_vs_C,S2,regional_cat3,9,0
leak_lag_days,0,C_prime_vs_C,S2,gsib,9,0
leak_lag_days,0,B_prime_vs_B,S2,svb_like,9,0
leak_lag_days,0,B_prime_vs_B,S2,diversified_regional,9,0
leak_lag_days,0,B_prime_vs_B,S2,regional_cat3,9,0
leak_lag_days,0,B_prime_vs_B,S2,gsib,9,0
leak_lag_days,5,B_vs_C,S1,svb_like,9,0
leak_lag_days,5,B_vs_C,S1,diversified_regional,9,0
leak_lag_days,5,B_vs_C,S1,regional_cat3,9,0
leak_lag_days,5,B_vs_C,S1,gsib,9,6
leak_lag_days,5,B_vs_E,S1,svb_like,9,0
leak_lag_days,5,B_vs_E,S1,diversified_regional,9,0
leak_lag_days,5,B_vs_E,S1,regional_cat3,9,0
leak_lag_days,5,B_vs_E,S1,gsib,9,0
leak_lag_days,5,C_vs_A,S1,svb_like,9,0
leak_lag_days,5,C_vs_A,S1,diversified_regional,9,6
leak_lag_days,5,C_vs_A,S1,regional_cat3,9,0
leak_lag_days,5,C_vs_A,S1,gsib,9,6
leak_lag_days,5,B_vs_A,S1,svb_like,9,0
leak_lag_days,5,B_vs_A,S1,diversified_regional,9,0
leak_lag_days,5,B_vs_A,S1,regional_cat3,9,0
leak_lag_days,5,B_vs_A,S1,gsib,9,0
leak_lag_days,5,E_vs_A,S1,svb_like,9,0
leak_lag_days,5,E_vs_A,S1,diversified_regional,9,0
leak_lag_days,5,E_vs_A,S1,regional_cat3,9,0
leak_lag_days,5,E_vs_A,S1,gsib,9,0
leak_lag_days,5,C_prime_vs_C,S1,svb_like,9,0
leak_lag_days,5,C_prime_vs_C,S1,diversified_regional,9,6
leak_lag_days,5,C_prime_vs_C,S1,regional_cat3,9,0
leak_lag_days,5,C_prime_vs_C,S1,gsib,9,0
leak_lag_days,5,B_prime_vs_B,S1,svb_like,9,0
leak_lag_days,5,B_prime_vs_B,S1,diversified_regional,9,0
leak_lag_days,5,B_prime_vs_B,S1,regional_cat3,9,0
leak_lag_days,5,B_prime_vs_B,S1,gsib,9,0
leak_lag_days,5,B_vs_C,S2,svb_like,9,0
leak_lag_days,5,B_vs_C,S2,diversified_regional,9,0
leak_lag_days,5,B_vs_C,S2,regional_cat3,9,0
leak_lag_days,5,B_vs_C,S2,gsib,9,0
leak_lag_days,5,B_vs_E,S2,svb_like,9,0
leak_lag_days,5,B_vs_E,S2,diversified_regional,9,0
leak_lag_days,5,B_vs_E,S2,regional_cat3,9,0
leak_lag_days,5,B_vs_E,S2,gsib,9,0
leak_lag_days,5,C_vs_A,S2,svb_like,9,0
leak_lag_days,5,C_vs_A,S2,diversified_regional,9,0
leak_lag_days,5,C_vs_A,S2,regional_cat3,9,0
leak_lag_days,5,C_vs_A,S2,gsib,9,0
leak_lag_days,5,B_vs_A,S2,svb_like,9,0
leak_lag_days,5,B_vs_A,S2,diversified_regional,9,0
leak_lag_days,5,B_vs_A,S2,regional_cat3,9,6
leak_lag_days,5,B_vs_A,S2,gsib,9,0
leak_lag_days,5,E_vs_A,S2,svb_like,9,0
leak_lag_days,5,E_vs_A,S2,diversified_regional,9,0
leak_lag_days,5,E_vs_A,S2,regional_cat3,9,6
leak_lag_days,5,E_vs_A,S2,gsib,9,0
leak_lag_days,5,C_prime_vs_C,S2,svb_like,9,0
leak_lag_days,5,C_prime_vs_C,S2,diversified_regional,9,0
leak_lag_days,5,C_prime_vs_C,S2,regional_cat3,9,0
leak_lag_days,5,C_prime_vs_C,S2,gsib,9,0
leak_lag_days,5,B_prime_vs_B,S2,svb_like,9,0
leak_lag_days,5,B_prime_vs_B,S2,diversified_regional,9,0
leak_lag_days,5,B_prime_vs_B,S2,regional_cat3,9,0
leak_lag_days,5,B_prime_vs_B,S2,gsib,9,0
c_ceiling,0.15,B_vs_C,S1,svb_like,9,0
c_ceiling,0.15,B_vs_C,S1,diversified_regional,9,0
c_ceiling,0.15,B_vs_C,S1,regional_cat3,9,0
c_ceiling,0.15,B_vs_C,S1,gsib,9,3
c_ceiling,0.15,B_vs_E,S1,svb_like,9,0
c_ceiling,0.15,B_vs_E,S1,diversified_regional,9,0
c_ceiling,0.15,B_vs_E,S1,regional_cat3,9,0
c_ceiling,0.15,B_vs_E,S1,gsib,9,0
c_ceiling,0.15,C_vs_A,S1,svb_like,9,6
c_ceiling,0.15,C_vs_A,S1,diversified_regional,9,0
c_ceiling,0.15,C_vs_A,S1,regional_cat3,9,0
c_ceiling,0.15,C_vs_A,S1,gsib,9,3
c_ceiling,0.15,B_vs_A,S1,svb_like,9,0
c_ceiling,0.15,B_vs_A,S1,diversified_regional,9,0
c_ceiling,0.15,B_vs_A,S1,regional_cat3,9,0
c_ceiling,0.15,B_vs_A,S1,gsib,9,0
c_ceiling,0.15,E_vs_A,S1,svb_like,9,0
c_ceiling,0.15,E_vs_A,S1,diversified_regional,9,0
c_ceiling,0.15,E_vs_A,S1,regional_cat3,9,0
c_ceiling,0.15,E_vs_A,S1,gsib,9,0
c_ceiling,0.15,C_prime_vs_C,S1,svb_like,9,0
c_ceiling,0.15,C_prime_vs_C,S1,diversified_regional,9,0
c_ceiling,0.15,C_prime_vs_C,S1,regional_cat3,9,0
c_ceiling,0.15,C_prime_vs_C,S1,gsib,9,0
c_ceiling,0.15,B_prime_vs_B,S1,svb_like,9,0
c_ceiling,0.15,B_prime_vs_B,S1,diversified_regional,9,0
c_ceiling,0.15,B_prime_vs_B,S1,regional_cat3,9,0
c_ceiling,0.15,B_prime_vs_B,S1,gsib,9,0
c_ceiling,0.15,B_vs_C,S2,svb_like,9,0
c_ceiling,0.15,B_vs_C,S2,diversified_regional,9,0
c_ceiling,0.15,B_vs_C,S2,regional_cat3,9,0
c_ceiling,0.15,B_vs_C,S2,gsib,9,0
c_ceiling,0.15,B_vs_E,S2,svb_like,9,0
c_ceiling,0.15,B_vs_E,S2,diversified_regional,9,0
c_ceiling,0.15,B_vs_E,S2,regional_cat3,9,0
c_ceiling,0.15,B_vs_E,S2,gsib,9,0
c_ceiling,0.15,C_vs_A,S2,svb_like,9,9
c_ceiling,0.15,C_vs_A,S2,diversified_regional,9,0
c_ceiling,0.15,C_vs_A,S2,regional_cat3,9,2
c_ceiling,0.15,C_vs_A,S2,gsib,9,0
c_ceiling,0.15,B_vs_A,S2,svb_like,9,0
c_ceiling,0.15,B_vs_A,S2,diversified_regional,9,0
c_ceiling,0.15,B_vs_A,S2,regional_cat3,9,0
c_ceiling,0.15,B_vs_A,S2,gsib,9,0
c_ceiling,0.15,E_vs_A,S2,svb_like,9,0
c_ceiling,0.15,E_vs_A,S2,diversified_regional,9,0
c_ceiling,0.15,E_vs_A,S2,regional_cat3,9,0
c_ceiling,0.15,E_vs_A,S2,gsib,9,0
c_ceiling,0.15,C_prime_vs_C,S2,svb_like,9,0
c_ceiling,0.15,C_prime_vs_C,S2,diversified_regional,9,0
c_ceiling,0.15,C_prime_vs_C,S2,regional_cat3,9,0
c_ceiling,0.15,C_prime_vs_C,S2,gsib,9,9
c_ceiling,0.15,B_prime_vs_B,S2,svb_like,9,0
c_ceiling,0.15,B_prime_vs_B,S2,diversified_regional,9,0
c_ceiling,0.15,B_prime_vs_B,S2,regional_cat3,9,0
c_ceiling,0.15,B_prime_vs_B,S2,gsib,9,0
c_ceiling,0.25,B_vs_C,S1,svb_like,9,0
c_ceiling,0.25,B_vs_C,S1,diversified_regional,9,0
c_ceiling,0.25,B_vs_C,S1,regional_cat3,9,0
c_ceiling,0.25,B_vs_C,S1,gsib,9,0
c_ceiling,0.25,B_vs_E,S1,svb_like,9,0
c_ceiling,0.25,B_vs_E,S1,diversified_regional,9,0
c_ceiling,0.25,B_vs_E,S1,regional_cat3,9,0
c_ceiling,0.25,B_vs_E,S1,gsib,9,0
c_ceiling,0.25,C_vs_A,S1,svb_like,9,3
c_ceiling,0.25,C_vs_A,S1,diversified_regional,9,0
c_ceiling,0.25,C_vs_A,S1,regional_cat3,9,0
c_ceiling,0.25,C_vs_A,S1,gsib,9,0
c_ceiling,0.25,B_vs_A,S1,svb_like,9,0
c_ceiling,0.25,B_vs_A,S1,diversified_regional,9,0
c_ceiling,0.25,B_vs_A,S1,regional_cat3,9,0
c_ceiling,0.25,B_vs_A,S1,gsib,9,0
c_ceiling,0.25,E_vs_A,S1,svb_like,9,0
c_ceiling,0.25,E_vs_A,S1,diversified_regional,9,0
c_ceiling,0.25,E_vs_A,S1,regional_cat3,9,0
c_ceiling,0.25,E_vs_A,S1,gsib,9,0
c_ceiling,0.25,C_prime_vs_C,S1,svb_like,9,6
c_ceiling,0.25,C_prime_vs_C,S1,diversified_regional,9,0
c_ceiling,0.25,C_prime_vs_C,S1,regional_cat3,9,0
c_ceiling,0.25,C_prime_vs_C,S1,gsib,9,0
c_ceiling,0.25,B_prime_vs_B,S1,svb_like,9,0
c_ceiling,0.25,B_prime_vs_B,S1,diversified_regional,9,0
c_ceiling,0.25,B_prime_vs_B,S1,regional_cat3,9,0
c_ceiling,0.25,B_prime_vs_B,S1,gsib,9,0
c_ceiling,0.25,B_vs_C,S2,svb_like,9,0
c_ceiling,0.25,B_vs_C,S2,diversified_regional,9,0
c_ceiling,0.25,B_vs_C,S2,regional_cat3,9,6
c_ceiling,0.25,B_vs_C,S2,gsib,9,0
c_ceiling,0.25,B_vs_E,S2,svb_like,9,0
c_ceiling,0.25,B_vs_E,S2,diversified_regional,9,0
c_ceiling,0.25,B_vs_E,S2,regional_cat3,9,0
c_ceiling,0.25,B_vs_E,S2,gsib,9,0
c_ceiling,0.25,C_vs_A,S2,svb_like,9,0
c_ceiling,0.25,C_vs_A,S2,diversified_regional,9,0
c_ceiling,0.25,C_vs_A,S2,regional_cat3,9,0
c_ceiling,0.25,C_vs_A,S2,gsib,9,0
c_ceiling,0.25,B_vs_A,S2,svb_like,9,0
c_ceiling,0.25,B_vs_A,S2,diversified_regional,9,0
c_ceiling,0.25,B_vs_A,S2,regional_cat3,9,0
c_ceiling,0.25,B_vs_A,S2,gsib,9,0
c_ceiling,0.25,E_vs_A,S2,svb_like,9,0
c_ceiling,0.25,E_vs_A,S2,diversified_regional,9,0
c_ceiling,0.25,E_vs_A,S2,regional_cat3,9,0
c_ceiling,0.25,E_vs_A,S2,gsib,9,0
c_ceiling,0.25,C_prime_vs_C,S2,svb_like,9,0
c_ceiling,0.25,C_prime_vs_C,S2,diversified_regional,9,0
c_ceiling,0.25,C_prime_vs_C,S2,regional_cat3,9,0
c_ceiling,0.25,C_prime_vs_C,S2,gsib,9,0
c_ceiling,0.25,B_prime_vs_B,S2,svb_like,9,0
c_ceiling,0.25,B_prime_vs_B,S2,diversified_regional,9,0
c_ceiling,0.25,B_prime_vs_B,S2,regional_cat3,9,0
c_ceiling,0.25,B_prime_vs_B,S2,gsib,9,0
c_uptake,0.5,B_vs_C,S1,svb_like,9,0
c_uptake,0.5,B_vs_C,S1,diversified_regional,9,0
c_uptake,0.5,B_vs_C,S1,regional_cat3,9,0
c_uptake,0.5,B_vs_C,S1,gsib,9,6
c_uptake,0.5,B_vs_E,S1,svb_like,9,0
c_uptake,0.5,B_vs_E,S1,diversified_regional,9,0
c_uptake,0.5,B_vs_E,S1,regional_cat3,9,0
c_uptake,0.5,B_vs_E,S1,gsib,9,0
c_uptake,0.5,C_vs_A,S1,svb_like,9,6
c_uptake,0.5,C_vs_A,S1,diversified_regional,9,1
c_uptake,0.5,C_vs_A,S1,regional_cat3,9,0
c_uptake,0.5,C_vs_A,S1,gsib,9,6
c_uptake,0.5,B_vs_A,S1,svb_like,9,0
c_uptake,0.5,B_vs_A,S1,diversified_regional,9,0
c_uptake,0.5,B_vs_A,S1,regional_cat3,9,0
c_uptake,0.5,B_vs_A,S1,gsib,9,0
c_uptake,0.5,E_vs_A,S1,svb_like,9,0
c_uptake,0.5,E_vs_A,S1,diversified_regional,9,0
c_uptake,0.5,E_vs_A,S1,regional_cat3,9,0
c_uptake,0.5,E_vs_A,S1,gsib,9,0
c_uptake,0.5,C_prime_vs_C,S1,svb_like,9,9
c_uptake,0.5,C_prime_vs_C,S1,diversified_regional,9,1
c_uptake,0.5,C_prime_vs_C,S1,regional_cat3,9,0
c_uptake,0.5,C_prime_vs_C,S1,gsib,9,0
c_uptake,0.5,B_prime_vs_B,S1,svb_like,9,0
c_uptake,0.5,B_prime_vs_B,S1,diversified_regional,9,0
c_uptake,0.5,B_prime_vs_B,S1,regional_cat3,9,0
c_uptake,0.5,B_prime_vs_B,S1,gsib,9,0
c_uptake,0.5,B_vs_C,S2,svb_like,9,0
c_uptake,0.5,B_vs_C,S2,diversified_regional,9,0
c_uptake,0.5,B_vs_C,S2,regional_cat3,9,3
c_uptake,0.5,B_vs_C,S2,gsib,9,0
c_uptake,0.5,B_vs_E,S2,svb_like,9,0
c_uptake,0.5,B_vs_E,S2,diversified_regional,9,0
c_uptake,0.5,B_vs_E,S2,regional_cat3,9,0
c_uptake,0.5,B_vs_E,S2,gsib,9,0
c_uptake,0.5,C_vs_A,S2,svb_like,9,9
c_uptake,0.5,C_vs_A,S2,diversified_regional,9,0
c_uptake,0.5,C_vs_A,S2,regional_cat3,9,0
c_uptake,0.5,C_vs_A,S2,gsib,9,0
c_uptake,0.5,B_vs_A,S2,svb_like,9,0
c_uptake,0.5,B_vs_A,S2,diversified_regional,9,0
c_uptake,0.5,B_vs_A,S2,regional_cat3,9,0
c_uptake,0.5,B_vs_A,S2,gsib,9,0
c_uptake,0.5,E_vs_A,S2,svb_like,9,0
c_uptake,0.5,E_vs_A,S2,diversified_regional,9,0
c_uptake,0.5,E_vs_A,S2,regional_cat3,9,0
c_uptake,0.5,E_vs_A,S2,gsib,9,0
c_uptake,0.5,C_prime_vs_C,S2,svb_like,9,0
c_uptake,0.5,C_prime_vs_C,S2,diversified_regional,9,0
c_uptake,0.5,C_prime_vs_C,S2,regional_cat3,9,0
c_uptake,0.5,C_prime_vs_C,S2,gsib,9,0
c_uptake,0.5,B_prime_vs_B,S2,svb_like,9,0
c_uptake,0.5,B_prime_vs_B,S2,diversified_regional,9,0
c_uptake,0.5,B_prime_vs_B,S2,regional_cat3,9,0
c_uptake,0.5,B_prime_vs_B,S2,gsib,9,0
c_uptake,1.0,B_vs_C,S1,svb_like,9,0
c_uptake,1.0,B_vs_C,S1,diversified_regional,9,0
c_uptake,1.0,B_vs_C,S1,regional_cat3,9,0
c_uptake,1.0,B_vs_C,S1,gsib,9,3
c_uptake,1.0,B_vs_E,S1,svb_like,9,0
c_uptake,1.0,B_vs_E,S1,diversified_regional,9,0
c_uptake,1.0,B_vs_E,S1,regional_cat3,9,0
c_uptake,1.0,B_vs_E,S1,gsib,9,0
c_uptake,1.0,C_vs_A,S1,svb_like,9,3
c_uptake,1.0,C_vs_A,S1,diversified_regional,9,1
c_uptake,1.0,C_vs_A,S1,regional_cat3,9,0
c_uptake,1.0,C_vs_A,S1,gsib,9,2
c_uptake,1.0,B_vs_A,S1,svb_like,9,0
c_uptake,1.0,B_vs_A,S1,diversified_regional,9,0
c_uptake,1.0,B_vs_A,S1,regional_cat3,9,0
c_uptake,1.0,B_vs_A,S1,gsib,9,0
c_uptake,1.0,E_vs_A,S1,svb_like,9,0
c_uptake,1.0,E_vs_A,S1,diversified_regional,9,0
c_uptake,1.0,E_vs_A,S1,regional_cat3,9,0
c_uptake,1.0,E_vs_A,S1,gsib,9,0
c_uptake,1.0,C_prime_vs_C,S1,svb_like,9,0
c_uptake,1.0,C_prime_vs_C,S1,diversified_regional,9,1
c_uptake,1.0,C_prime_vs_C,S1,regional_cat3,9,0
c_uptake,1.0,C_prime_vs_C,S1,gsib,9,0
c_uptake,1.0,B_prime_vs_B,S1,svb_like,9,0
c_uptake,1.0,B_prime_vs_B,S1,diversified_regional,9,0
c_uptake,1.0,B_prime_vs_B,S1,regional_cat3,9,0
c_uptake,1.0,B_prime_vs_B,S1,gsib,9,0
c_uptake,1.0,B_vs_C,S2,svb_like,9,0
c_uptake,1.0,B_vs_C,S2,diversified_regional,9,0
c_uptake,1.0,B_vs_C,S2,regional_cat3,9,0
c_uptake,1.0,B_vs_C,S2,gsib,9,0
c_uptake,1.0,B_vs_E,S2,svb_like,9,0
c_uptake,1.0,B_vs_E,S2,diversified_regional,9,0
c_uptake,1.0,B_vs_E,S2,regional_cat3,9,0
c_uptake,1.0,B_vs_E,S2,gsib,9,0
c_uptake,1.0,C_vs_A,S2,svb_like,9,0
c_uptake,1.0,C_vs_A,S2,diversified_regional,9,0
c_uptake,1.0,C_vs_A,S2,regional_cat3,9,0
c_uptake,1.0,C_vs_A,S2,gsib,9,0
c_uptake,1.0,B_vs_A,S2,svb_like,9,0
c_uptake,1.0,B_vs_A,S2,diversified_regional,9,0
c_uptake,1.0,B_vs_A,S2,regional_cat3,9,0
c_uptake,1.0,B_vs_A,S2,gsib,9,0
c_uptake,1.0,E_vs_A,S2,svb_like,9,0
c_uptake,1.0,E_vs_A,S2,diversified_regional,9,0
c_uptake,1.0,E_vs_A,S2,regional_cat3,9,0
c_uptake,1.0,E_vs_A,S2,gsib,9,0
c_uptake,1.0,C_prime_vs_C,S2,svb_like,9,0
c_uptake,1.0,C_prime_vs_C,S2,diversified_regional,9,0
c_uptake,1.0,C_prime_vs_C,S2,regional_cat3,9,0
c_uptake,1.0,C_prime_vs_C,S2,gsib,9,0
c_uptake,1.0,B_prime_vs_B,S2,svb_like,9,0
c_uptake,1.0,B_prime_vs_B,S2,diversified_regional,9,0
c_uptake,1.0,B_prime_vs_B,S2,regional_cat3,9,0
c_uptake,1.0,B_prime_vs_B,S2,gsib,9,0
c_hqla_released,0.0,B_vs_C,S1,svb_like,9,0
c_hqla_released,0.0,B_vs_C,S1,diversified_regional,9,0
c_hqla_released,0.0,B_vs_C,S1,regional_cat3,9,0
c_hqla_released,0.0,B_vs_C,S1,gsib,9,6
c_hqla_released,0.0,B_vs_E,S1,svb_like,9,0
c_hqla_released,0.0,B_vs_E,S1,diversified_regional,9,0
c_hqla_released,0.0,B_vs_E,S1,regional_cat3,9,0
c_hqla_released,0.0,B_vs_E,S1,gsib,9,0
c_hqla_released,0.0,C_vs_A,S1,svb_like,9,9
c_hqla_released,0.0,C_vs_A,S1,diversified_regional,9,0
c_hqla_released,0.0,C_vs_A,S1,regional_cat3,9,0
c_hqla_released,0.0,C_vs_A,S1,gsib,9,6
c_hqla_released,0.0,B_vs_A,S1,svb_like,9,0
c_hqla_released,0.0,B_vs_A,S1,diversified_regional,9,0
c_hqla_released,0.0,B_vs_A,S1,regional_cat3,9,0
c_hqla_released,0.0,B_vs_A,S1,gsib,9,0
c_hqla_released,0.0,E_vs_A,S1,svb_like,9,0
c_hqla_released,0.0,E_vs_A,S1,diversified_regional,9,0
c_hqla_released,0.0,E_vs_A,S1,regional_cat3,9,0
c_hqla_released,0.0,E_vs_A,S1,gsib,9,0
c_hqla_released,0.0,C_prime_vs_C,S1,svb_like,9,0
c_hqla_released,0.0,C_prime_vs_C,S1,diversified_regional,9,0
c_hqla_released,0.0,C_prime_vs_C,S1,regional_cat3,9,0
c_hqla_released,0.0,C_prime_vs_C,S1,gsib,9,3
c_hqla_released,0.0,B_prime_vs_B,S1,svb_like,9,0
c_hqla_released,0.0,B_prime_vs_B,S1,diversified_regional,9,0
c_hqla_released,0.0,B_prime_vs_B,S1,regional_cat3,9,0
c_hqla_released,0.0,B_prime_vs_B,S1,gsib,9,0
c_hqla_released,0.0,B_vs_C,S2,svb_like,9,0
c_hqla_released,0.0,B_vs_C,S2,diversified_regional,9,0
c_hqla_released,0.0,B_vs_C,S2,regional_cat3,9,0
c_hqla_released,0.0,B_vs_C,S2,gsib,9,0
c_hqla_released,0.0,B_vs_E,S2,svb_like,9,0
c_hqla_released,0.0,B_vs_E,S2,diversified_regional,9,0
c_hqla_released,0.0,B_vs_E,S2,regional_cat3,9,0
c_hqla_released,0.0,B_vs_E,S2,gsib,9,0
c_hqla_released,0.0,C_vs_A,S2,svb_like,9,9
c_hqla_released,0.0,C_vs_A,S2,diversified_regional,9,0
c_hqla_released,0.0,C_vs_A,S2,regional_cat3,9,6
c_hqla_released,0.0,C_vs_A,S2,gsib,9,0
c_hqla_released,0.0,B_vs_A,S2,svb_like,9,0
c_hqla_released,0.0,B_vs_A,S2,diversified_regional,9,0
c_hqla_released,0.0,B_vs_A,S2,regional_cat3,9,0
c_hqla_released,0.0,B_vs_A,S2,gsib,9,0
c_hqla_released,0.0,E_vs_A,S2,svb_like,9,0
c_hqla_released,0.0,E_vs_A,S2,diversified_regional,9,0
c_hqla_released,0.0,E_vs_A,S2,regional_cat3,9,0
c_hqla_released,0.0,E_vs_A,S2,gsib,9,0
c_hqla_released,0.0,C_prime_vs_C,S2,svb_like,9,0
c_hqla_released,0.0,C_prime_vs_C,S2,diversified_regional,9,0
c_hqla_released,0.0,C_prime_vs_C,S2,regional_cat3,9,3
c_hqla_released,0.0,C_prime_vs_C,S2,gsib,9,9
c_hqla_released,0.0,B_prime_vs_B,S2,svb_like,9,0
c_hqla_released,0.0,B_prime_vs_B,S2,diversified_regional,9,0
c_hqla_released,0.0,B_prime_vs_B,S2,regional_cat3,9,0
c_hqla_released,0.0,B_prime_vs_B,S2,gsib,9,0
c_hqla_released,0.5,B_vs_C,S1,svb_like,9,0
c_hqla_released,0.5,B_vs_C,S1,diversified_regional,9,0
c_hqla_released,0.5,B_vs_C,S1,regional_cat3,9,0
c_hqla_released,0.5,B_vs_C,S1,gsib,9,6
c_hqla_released,0.5,B_vs_E,S1,svb_like,9,0
c_hqla_released,0.5,B_vs_E,S1,diversified_regional,9,0
c_hqla_released,0.5,B_vs_E,S1,regional_cat3,9,0
c_hqla_released,0.5,B_vs_E,S1,gsib,9,0
c_hqla_released,0.5,C_vs_A,S1,svb_like,9,9
c_hqla_released,0.5,C_vs_A,S1,diversified_regional,9,0
c_hqla_released,0.5,C_vs_A,S1,regional_cat3,9,0
c_hqla_released,0.5,C_vs_A,S1,gsib,9,5
c_hqla_released,0.5,B_vs_A,S1,svb_like,9,0
c_hqla_released,0.5,B_vs_A,S1,diversified_regional,9,0
c_hqla_released,0.5,B_vs_A,S1,regional_cat3,9,0
c_hqla_released,0.5,B_vs_A,S1,gsib,9,0
c_hqla_released,0.5,E_vs_A,S1,svb_like,9,0
c_hqla_released,0.5,E_vs_A,S1,diversified_regional,9,0
c_hqla_released,0.5,E_vs_A,S1,regional_cat3,9,0
c_hqla_released,0.5,E_vs_A,S1,gsib,9,0
c_hqla_released,0.5,C_prime_vs_C,S1,svb_like,9,0
c_hqla_released,0.5,C_prime_vs_C,S1,diversified_regional,9,0
c_hqla_released,0.5,C_prime_vs_C,S1,regional_cat3,9,0
c_hqla_released,0.5,C_prime_vs_C,S1,gsib,9,0
c_hqla_released,0.5,B_prime_vs_B,S1,svb_like,9,0
c_hqla_released,0.5,B_prime_vs_B,S1,diversified_regional,9,0
c_hqla_released,0.5,B_prime_vs_B,S1,regional_cat3,9,0
c_hqla_released,0.5,B_prime_vs_B,S1,gsib,9,0
c_hqla_released,0.5,B_vs_C,S2,svb_like,9,0
c_hqla_released,0.5,B_vs_C,S2,diversified_regional,9,0
c_hqla_released,0.5,B_vs_C,S2,regional_cat3,9,0
c_hqla_released,0.5,B_vs_C,S2,gsib,9,0
c_hqla_released,0.5,B_vs_E,S2,svb_like,9,0
c_hqla_released,0.5,B_vs_E,S2,diversified_regional,9,0
c_hqla_released,0.5,B_vs_E,S2,regional_cat3,9,0
c_hqla_released,0.5,B_vs_E,S2,gsib,9,0
c_hqla_released,0.5,C_vs_A,S2,svb_like,9,9
c_hqla_released,0.5,C_vs_A,S2,diversified_regional,9,0
c_hqla_released,0.5,C_vs_A,S2,regional_cat3,9,2
c_hqla_released,0.5,C_vs_A,S2,gsib,9,0
c_hqla_released,0.5,B_vs_A,S2,svb_like,9,0
c_hqla_released,0.5,B_vs_A,S2,diversified_regional,9,0
c_hqla_released,0.5,B_vs_A,S2,regional_cat3,9,0
c_hqla_released,0.5,B_vs_A,S2,gsib,9,0
c_hqla_released,0.5,E_vs_A,S2,svb_like,9,0
c_hqla_released,0.5,E_vs_A,S2,diversified_regional,9,0
c_hqla_released,0.5,E_vs_A,S2,regional_cat3,9,0
c_hqla_released,0.5,E_vs_A,S2,gsib,9,0
c_hqla_released,0.5,C_prime_vs_C,S2,svb_like,9,0
c_hqla_released,0.5,C_prime_vs_C,S2,diversified_regional,9,0
c_hqla_released,0.5,C_prime_vs_C,S2,regional_cat3,9,0
c_hqla_released,0.5,C_prime_vs_C,S2,gsib,9,9
c_hqla_released,0.5,B_prime_vs_B,S2,svb_like,9,0
c_hqla_released,0.5,B_prime_vs_B,S2,diversified_regional,9,0
c_hqla_released,0.5,B_prime_vs_B,S2,regional_cat3,9,0
c_hqla_released,0.5,B_prime_vs_B,S2,gsib,9,0
c_stress_trigger,fires_day_1,B_vs_C,S1,svb_like,9,0
c_stress_trigger,fires_day_1,B_vs_C,S1,diversified_regional,9,0
c_stress_trigger,fires_day_1,B_vs_C,S1,regional_cat3,9,0
c_stress_trigger,fires_day_1,B_vs_C,S1,gsib,9,0
c_stress_trigger,fires_day_1,B_vs_E,S1,svb_like,9,0
c_stress_trigger,fires_day_1,B_vs_E,S1,diversified_regional,9,0
c_stress_trigger,fires_day_1,B_vs_E,S1,regional_cat3,9,0
c_stress_trigger,fires_day_1,B_vs_E,S1,gsib,9,0
c_stress_trigger,fires_day_1,C_vs_A,S1,svb_like,9,0
c_stress_trigger,fires_day_1,C_vs_A,S1,diversified_regional,9,0
c_stress_trigger,fires_day_1,C_vs_A,S1,regional_cat3,9,0
c_stress_trigger,fires_day_1,C_vs_A,S1,gsib,9,0
c_stress_trigger,fires_day_1,B_vs_A,S1,svb_like,9,0
c_stress_trigger,fires_day_1,B_vs_A,S1,diversified_regional,9,0
c_stress_trigger,fires_day_1,B_vs_A,S1,regional_cat3,9,0
c_stress_trigger,fires_day_1,B_vs_A,S1,gsib,9,0
c_stress_trigger,fires_day_1,E_vs_A,S1,svb_like,9,0
c_stress_trigger,fires_day_1,E_vs_A,S1,diversified_regional,9,0
c_stress_trigger,fires_day_1,E_vs_A,S1,regional_cat3,9,0
c_stress_trigger,fires_day_1,E_vs_A,S1,gsib,9,0
c_stress_trigger,fires_day_1,C_prime_vs_C,S1,svb_like,9,0
c_stress_trigger,fires_day_1,C_prime_vs_C,S1,diversified_regional,9,0
c_stress_trigger,fires_day_1,C_prime_vs_C,S1,regional_cat3,9,0
c_stress_trigger,fires_day_1,C_prime_vs_C,S1,gsib,9,0
c_stress_trigger,fires_day_1,B_prime_vs_B,S1,svb_like,9,0
c_stress_trigger,fires_day_1,B_prime_vs_B,S1,diversified_regional,9,0
c_stress_trigger,fires_day_1,B_prime_vs_B,S1,regional_cat3,9,0
c_stress_trigger,fires_day_1,B_prime_vs_B,S1,gsib,9,0
collateral_margins_pp,-5,B_vs_C,S1,svb_like,9,0
collateral_margins_pp,-5,B_vs_C,S1,diversified_regional,9,0
collateral_margins_pp,-5,B_vs_C,S1,regional_cat3,9,0
collateral_margins_pp,-5,B_vs_C,S1,gsib,9,0
collateral_margins_pp,-5,B_vs_E,S1,svb_like,9,0
collateral_margins_pp,-5,B_vs_E,S1,diversified_regional,9,0
collateral_margins_pp,-5,B_vs_E,S1,regional_cat3,9,0
collateral_margins_pp,-5,B_vs_E,S1,gsib,9,0
collateral_margins_pp,-5,C_vs_A,S1,svb_like,9,6
collateral_margins_pp,-5,C_vs_A,S1,diversified_regional,9,0
collateral_margins_pp,-5,C_vs_A,S1,regional_cat3,9,0
collateral_margins_pp,-5,C_vs_A,S1,gsib,9,0
collateral_margins_pp,-5,B_vs_A,S1,svb_like,9,0
collateral_margins_pp,-5,B_vs_A,S1,diversified_regional,9,0
collateral_margins_pp,-5,B_vs_A,S1,regional_cat3,9,0
collateral_margins_pp,-5,B_vs_A,S1,gsib,9,0
collateral_margins_pp,-5,E_vs_A,S1,svb_like,9,0
collateral_margins_pp,-5,E_vs_A,S1,diversified_regional,9,0
collateral_margins_pp,-5,E_vs_A,S1,regional_cat3,9,0
collateral_margins_pp,-5,E_vs_A,S1,gsib,9,0
collateral_margins_pp,-5,C_prime_vs_C,S1,svb_like,9,0
collateral_margins_pp,-5,C_prime_vs_C,S1,diversified_regional,9,0
collateral_margins_pp,-5,C_prime_vs_C,S1,regional_cat3,9,0
collateral_margins_pp,-5,C_prime_vs_C,S1,gsib,9,0
collateral_margins_pp,-5,B_prime_vs_B,S1,svb_like,9,0
collateral_margins_pp,-5,B_prime_vs_B,S1,diversified_regional,9,0
collateral_margins_pp,-5,B_prime_vs_B,S1,regional_cat3,9,0
collateral_margins_pp,-5,B_prime_vs_B,S1,gsib,9,0
collateral_margins_pp,-5,B_vs_C,S2,svb_like,9,0
collateral_margins_pp,-5,B_vs_C,S2,diversified_regional,9,0
collateral_margins_pp,-5,B_vs_C,S2,regional_cat3,9,6
collateral_margins_pp,-5,B_vs_C,S2,gsib,9,0
collateral_margins_pp,-5,B_vs_E,S2,svb_like,9,0
collateral_margins_pp,-5,B_vs_E,S2,diversified_regional,9,0
collateral_margins_pp,-5,B_vs_E,S2,regional_cat3,9,0
collateral_margins_pp,-5,B_vs_E,S2,gsib,9,0
collateral_margins_pp,-5,C_vs_A,S2,svb_like,9,6
collateral_margins_pp,-5,C_vs_A,S2,diversified_regional,9,0
collateral_margins_pp,-5,C_vs_A,S2,regional_cat3,9,0
collateral_margins_pp,-5,C_vs_A,S2,gsib,9,0
collateral_margins_pp,-5,B_vs_A,S2,svb_like,9,0
collateral_margins_pp,-5,B_vs_A,S2,diversified_regional,9,0
collateral_margins_pp,-5,B_vs_A,S2,regional_cat3,9,0
collateral_margins_pp,-5,B_vs_A,S2,gsib,9,0
collateral_margins_pp,-5,E_vs_A,S2,svb_like,9,0
collateral_margins_pp,-5,E_vs_A,S2,diversified_regional,9,0
collateral_margins_pp,-5,E_vs_A,S2,regional_cat3,9,0
collateral_margins_pp,-5,E_vs_A,S2,gsib,9,0
collateral_margins_pp,-5,C_prime_vs_C,S2,svb_like,9,0
collateral_margins_pp,-5,C_prime_vs_C,S2,diversified_regional,9,0
collateral_margins_pp,-5,C_prime_vs_C,S2,regional_cat3,9,0
collateral_margins_pp,-5,C_prime_vs_C,S2,gsib,9,0
collateral_margins_pp,-5,B_prime_vs_B,S2,svb_like,9,0
collateral_margins_pp,-5,B_prime_vs_B,S2,diversified_regional,9,0
collateral_margins_pp,-5,B_prime_vs_B,S2,regional_cat3,9,0
collateral_margins_pp,-5,B_prime_vs_B,S2,gsib,9,0
collateral_margins_pp,5,B_vs_C,S1,svb_like,9,0
collateral_margins_pp,5,B_vs_C,S1,diversified_regional,9,0
collateral_margins_pp,5,B_vs_C,S1,regional_cat3,9,0
collateral_margins_pp,5,B_vs_C,S1,gsib,9,0
collateral_margins_pp,5,B_vs_E,S1,svb_like,9,0
collateral_margins_pp,5,B_vs_E,S1,diversified_regional,9,0
collateral_margins_pp,5,B_vs_E,S1,regional_cat3,9,0
collateral_margins_pp,5,B_vs_E,S1,gsib,9,0
collateral_margins_pp,5,C_vs_A,S1,svb_like,9,6
collateral_margins_pp,5,C_vs_A,S1,diversified_regional,9,0
collateral_margins_pp,5,C_vs_A,S1,regional_cat3,9,0
collateral_margins_pp,5,C_vs_A,S1,gsib,9,0
collateral_margins_pp,5,B_vs_A,S1,svb_like,9,0
collateral_margins_pp,5,B_vs_A,S1,diversified_regional,9,0
collateral_margins_pp,5,B_vs_A,S1,regional_cat3,9,0
collateral_margins_pp,5,B_vs_A,S1,gsib,9,0
collateral_margins_pp,5,E_vs_A,S1,svb_like,9,0
collateral_margins_pp,5,E_vs_A,S1,diversified_regional,9,0
collateral_margins_pp,5,E_vs_A,S1,regional_cat3,9,0
collateral_margins_pp,5,E_vs_A,S1,gsib,9,0
collateral_margins_pp,5,C_prime_vs_C,S1,svb_like,9,0
collateral_margins_pp,5,C_prime_vs_C,S1,diversified_regional,9,0
collateral_margins_pp,5,C_prime_vs_C,S1,regional_cat3,9,0
collateral_margins_pp,5,C_prime_vs_C,S1,gsib,9,0
collateral_margins_pp,5,B_prime_vs_B,S1,svb_like,9,0
collateral_margins_pp,5,B_prime_vs_B,S1,diversified_regional,9,0
collateral_margins_pp,5,B_prime_vs_B,S1,regional_cat3,9,0
collateral_margins_pp,5,B_prime_vs_B,S1,gsib,9,0
collateral_margins_pp,5,B_vs_C,S2,svb_like,9,0
collateral_margins_pp,5,B_vs_C,S2,diversified_regional,9,0
collateral_margins_pp,5,B_vs_C,S2,regional_cat3,9,0
collateral_margins_pp,5,B_vs_C,S2,gsib,9,0
collateral_margins_pp,5,B_vs_E,S2,svb_like,9,0
collateral_margins_pp,5,B_vs_E,S2,diversified_regional,9,0
collateral_margins_pp,5,B_vs_E,S2,regional_cat3,9,0
collateral_margins_pp,5,B_vs_E,S2,gsib,9,0
collateral_margins_pp,5,C_vs_A,S2,svb_like,9,0
collateral_margins_pp,5,C_vs_A,S2,diversified_regional,9,0
collateral_margins_pp,5,C_vs_A,S2,regional_cat3,9,2
collateral_margins_pp,5,C_vs_A,S2,gsib,9,0
collateral_margins_pp,5,B_vs_A,S2,svb_like,9,0
collateral_margins_pp,5,B_vs_A,S2,diversified_regional,9,0
collateral_margins_pp,5,B_vs_A,S2,regional_cat3,9,0
collateral_margins_pp,5,B_vs_A,S2,gsib,9,0
collateral_margins_pp,5,E_vs_A,S2,svb_like,9,0
collateral_margins_pp,5,E_vs_A,S2,diversified_regional,9,0
collateral_margins_pp,5,E_vs_A,S2,regional_cat3,9,0
collateral_margins_pp,5,E_vs_A,S2,gsib,9,0
collateral_margins_pp,5,C_prime_vs_C,S2,svb_like,9,0
collateral_margins_pp,5,C_prime_vs_C,S2,diversified_regional,9,0
collateral_margins_pp,5,C_prime_vs_C,S2,regional_cat3,9,0
collateral_margins_pp,5,C_prime_vs_C,S2,gsib,9,0
collateral_margins_pp,5,B_prime_vs_B,S2,svb_like,9,0
collateral_margins_pp,5,B_prime_vs_B,S2,diversified_regional,9,0
collateral_margins_pp,5,B_prime_vs_B,S2,regional_cat3,9,0
collateral_margins_pp,5,B_prime_vs_B,S2,gsib,9,0
depositor_coordination,x0.5,B_vs_C,S1,svb_like,9,0
depositor_coordination,x0.5,B_vs_C,S1,diversified_regional,9,3
depositor_coordination,x0.5,B_vs_C,S1,regional_cat3,9,9
depositor_coordination,x0.5,B_vs_C,S1,gsib,9,6
depositor_coordination,x0.5,B_vs_E,S1,svb_like,9,0
depositor_coordination,x0.5,B_vs_E,S1,diversified_regional,9,0
depositor_coordination,x0.5,B_vs_E,S1,regional_cat3,9,0
depositor_coordination,x0.5,B_vs_E,S1,gsib,9,0
depositor_coordination,x0.5,C_vs_A,S1,svb_like,9,9
depositor_coordination,x0.5,C_vs_A,S1,diversified_regional,9,8
depositor_coordination,x0.5,C_vs_A,S1,regional_cat3,9,1
depositor_coordination,x0.5,C_vs_A,S1,gsib,9,0
depositor_coordination,x0.5,B_vs_A,S1,svb_like,9,0
depositor_coordination,x0.5,B_vs_A,S1,diversified_regional,9,0
depositor_coordination,x0.5,B_vs_A,S1,regional_cat3,9,0
depositor_coordination,x0.5,B_vs_A,S1,gsib,9,6
depositor_coordination,x0.5,E_vs_A,S1,svb_like,9,0
depositor_coordination,x0.5,E_vs_A,S1,diversified_regional,9,0
depositor_coordination,x0.5,E_vs_A,S1,regional_cat3,9,0
depositor_coordination,x0.5,E_vs_A,S1,gsib,9,6
depositor_coordination,x0.5,C_prime_vs_C,S1,svb_like,9,0
depositor_coordination,x0.5,C_prime_vs_C,S1,diversified_regional,9,8
depositor_coordination,x0.5,C_prime_vs_C,S1,regional_cat3,9,0
depositor_coordination,x0.5,C_prime_vs_C,S1,gsib,9,0
depositor_coordination,x0.5,B_prime_vs_B,S1,svb_like,9,0
depositor_coordination,x0.5,B_prime_vs_B,S1,diversified_regional,9,0
depositor_coordination,x0.5,B_prime_vs_B,S1,regional_cat3,9,0
depositor_coordination,x0.5,B_prime_vs_B,S1,gsib,9,0
depositor_coordination,x0.5,B_vs_C,S2,svb_like,9,0
depositor_coordination,x0.5,B_vs_C,S2,diversified_regional,9,0
depositor_coordination,x0.5,B_vs_C,S2,regional_cat3,9,0
depositor_coordination,x0.5,B_vs_C,S2,gsib,9,0
depositor_coordination,x0.5,B_vs_E,S2,svb_like,9,0
depositor_coordination,x0.5,B_vs_E,S2,diversified_regional,9,0
depositor_coordination,x0.5,B_vs_E,S2,regional_cat3,9,0
depositor_coordination,x0.5,B_vs_E,S2,gsib,9,0
depositor_coordination,x0.5,C_vs_A,S2,svb_like,9,9
depositor_coordination,x0.5,C_vs_A,S2,diversified_regional,9,0
depositor_coordination,x0.5,C_vs_A,S2,regional_cat3,9,0
depositor_coordination,x0.5,C_vs_A,S2,gsib,9,0
depositor_coordination,x0.5,B_vs_A,S2,svb_like,9,0
depositor_coordination,x0.5,B_vs_A,S2,diversified_regional,9,0
depositor_coordination,x0.5,B_vs_A,S2,regional_cat3,9,6
depositor_coordination,x0.5,B_vs_A,S2,gsib,9,0
depositor_coordination,x0.5,E_vs_A,S2,svb_like,9,0
depositor_coordination,x0.5,E_vs_A,S2,diversified_regional,9,0
depositor_coordination,x0.5,E_vs_A,S2,regional_cat3,9,6
depositor_coordination,x0.5,E_vs_A,S2,gsib,9,0
depositor_coordination,x0.5,C_prime_vs_C,S2,svb_like,9,0
depositor_coordination,x0.5,C_prime_vs_C,S2,diversified_regional,9,0
depositor_coordination,x0.5,C_prime_vs_C,S2,regional_cat3,9,0
depositor_coordination,x0.5,C_prime_vs_C,S2,gsib,9,9
depositor_coordination,x0.5,B_prime_vs_B,S2,svb_like,9,3
depositor_coordination,x0.5,B_prime_vs_B,S2,diversified_regional,9,0
depositor_coordination,x0.5,B_prime_vs_B,S2,regional_cat3,9,0
depositor_coordination,x0.5,B_prime_vs_B,S2,gsib,9,0
depositor_coordination,x1.5,B_vs_C,S1,svb_like,9,0
depositor_coordination,x1.5,B_vs_C,S1,diversified_regional,9,0
depositor_coordination,x1.5,B_vs_C,S1,regional_cat3,9,0
depositor_coordination,x1.5,B_vs_C,S1,gsib,9,3
depositor_coordination,x1.5,B_vs_E,S1,svb_like,9,0
depositor_coordination,x1.5,B_vs_E,S1,diversified_regional,9,0
depositor_coordination,x1.5,B_vs_E,S1,regional_cat3,9,0
depositor_coordination,x1.5,B_vs_E,S1,gsib,9,0
depositor_coordination,x1.5,C_vs_A,S1,svb_like,9,6
depositor_coordination,x1.5,C_vs_A,S1,diversified_regional,9,1
depositor_coordination,x1.5,C_vs_A,S1,regional_cat3,9,0
depositor_coordination,x1.5,C_vs_A,S1,gsib,9,9
depositor_coordination,x1.5,B_vs_A,S1,svb_like,9,0
depositor_coordination,x1.5,B_vs_A,S1,diversified_regional,9,0
depositor_coordination,x1.5,B_vs_A,S1,regional_cat3,9,0
depositor_coordination,x1.5,B_vs_A,S1,gsib,9,3
depositor_coordination,x1.5,E_vs_A,S1,svb_like,9,0
depositor_coordination,x1.5,E_vs_A,S1,diversified_regional,9,0
depositor_coordination,x1.5,E_vs_A,S1,regional_cat3,9,0
depositor_coordination,x1.5,E_vs_A,S1,gsib,9,3
depositor_coordination,x1.5,C_prime_vs_C,S1,svb_like,9,9
depositor_coordination,x1.5,C_prime_vs_C,S1,diversified_regional,9,1
depositor_coordination,x1.5,C_prime_vs_C,S1,regional_cat3,9,0
depositor_coordination,x1.5,C_prime_vs_C,S1,gsib,9,0
depositor_coordination,x1.5,B_prime_vs_B,S1,svb_like,9,9
depositor_coordination,x1.5,B_prime_vs_B,S1,diversified_regional,9,0
depositor_coordination,x1.5,B_prime_vs_B,S1,regional_cat3,9,0
depositor_coordination,x1.5,B_prime_vs_B,S1,gsib,9,0
depositor_coordination,x1.5,B_vs_C,S2,svb_like,9,0
depositor_coordination,x1.5,B_vs_C,S2,diversified_regional,9,9
depositor_coordination,x1.5,B_vs_C,S2,regional_cat3,9,9
depositor_coordination,x1.5,B_vs_C,S2,gsib,9,6
depositor_coordination,x1.5,B_vs_E,S2,svb_like,9,0
depositor_coordination,x1.5,B_vs_E,S2,diversified_regional,9,0
depositor_coordination,x1.5,B_vs_E,S2,regional_cat3,9,0
depositor_coordination,x1.5,B_vs_E,S2,gsib,9,0
depositor_coordination,x1.5,C_vs_A,S2,svb_like,9,0
depositor_coordination,x1.5,C_vs_A,S2,diversified_regional,9,9
depositor_coordination,x1.5,C_vs_A,S2,regional_cat3,9,9
depositor_coordination,x1.5,C_vs_A,S2,gsib,9,0
depositor_coordination,x1.5,B_vs_A,S2,svb_like,9,0
depositor_coordination,x1.5,B_vs_A,S2,diversified_regional,9,9
depositor_coordination,x1.5,B_vs_A,S2,regional_cat3,9,3
depositor_coordination,x1.5,B_vs_A,S2,gsib,9,0
depositor_coordination,x1.5,E_vs_A,S2,svb_like,9,0
depositor_coordination,x1.5,E_vs_A,S2,diversified_regional,9,9
depositor_coordination,x1.5,E_vs_A,S2,regional_cat3,9,3
depositor_coordination,x1.5,E_vs_A,S2,gsib,9,0
depositor_coordination,x1.5,C_prime_vs_C,S2,svb_like,9,9
depositor_coordination,x1.5,C_prime_vs_C,S2,diversified_regional,9,9
depositor_coordination,x1.5,C_prime_vs_C,S2,regional_cat3,9,0
depositor_coordination,x1.5,C_prime_vs_C,S2,gsib,9,0
depositor_coordination,x1.5,B_prime_vs_B,S2,svb_like,9,9
depositor_coordination,x1.5,B_prime_vs_B,S2,diversified_regional,9,0
depositor_coordination,x1.5,B_prime_vs_B,S2,regional_cat3,9,0
depositor_coordination,x1.5,B_prime_vs_B,S2,gsib,9,0
routine_borrowing_strength_s,0.0,B_vs_C,S1,svb_like,9,0
routine_borrowing_strength_s,0.0,B_vs_C,S1,diversified_regional,9,0
routine_borrowing_strength_s,0.0,B_vs_C,S1,regional_cat3,9,0
routine_borrowing_strength_s,0.0,B_vs_C,S1,gsib,9,3
routine_borrowing_strength_s,0.0,B_vs_E,S1,svb_like,9,0
routine_borrowing_strength_s,0.0,B_vs_E,S1,diversified_regional,9,0
routine_borrowing_strength_s,0.0,B_vs_E,S1,regional_cat3,9,0
routine_borrowing_strength_s,0.0,B_vs_E,S1,gsib,9,0
routine_borrowing_strength_s,0.0,C_vs_A,S1,svb_like,9,3
routine_borrowing_strength_s,0.0,C_vs_A,S1,diversified_regional,9,8
routine_borrowing_strength_s,0.0,C_vs_A,S1,regional_cat3,9,0
routine_borrowing_strength_s,0.0,C_vs_A,S1,gsib,9,0
routine_borrowing_strength_s,0.0,B_vs_A,S1,svb_like,9,0
routine_borrowing_strength_s,0.0,B_vs_A,S1,diversified_regional,9,0
routine_borrowing_strength_s,0.0,B_vs_A,S1,regional_cat3,9,0
routine_borrowing_strength_s,0.0,B_vs_A,S1,gsib,9,0
routine_borrowing_strength_s,0.0,E_vs_A,S1,svb_like,9,0
routine_borrowing_strength_s,0.0,E_vs_A,S1,diversified_regional,9,0
routine_borrowing_strength_s,0.0,E_vs_A,S1,regional_cat3,9,0
routine_borrowing_strength_s,0.0,E_vs_A,S1,gsib,9,0
routine_borrowing_strength_s,0.0,C_prime_vs_C,S1,svb_like,9,0
routine_borrowing_strength_s,0.0,C_prime_vs_C,S1,diversified_regional,9,8
routine_borrowing_strength_s,0.0,C_prime_vs_C,S1,regional_cat3,9,0
routine_borrowing_strength_s,0.0,C_prime_vs_C,S1,gsib,9,0
routine_borrowing_strength_s,0.0,B_prime_vs_B,S1,svb_like,9,0
routine_borrowing_strength_s,0.0,B_prime_vs_B,S1,diversified_regional,9,0
routine_borrowing_strength_s,0.0,B_prime_vs_B,S1,regional_cat3,9,0
routine_borrowing_strength_s,0.0,B_prime_vs_B,S1,gsib,9,0
routine_borrowing_strength_s,0.0,B_vs_C,S2,svb_like,9,0
routine_borrowing_strength_s,0.0,B_vs_C,S2,diversified_regional,9,0
routine_borrowing_strength_s,0.0,B_vs_C,S2,regional_cat3,9,0
routine_borrowing_strength_s,0.0,B_vs_C,S2,gsib,9,0
routine_borrowing_strength_s,0.0,B_vs_E,S2,svb_like,9,0
routine_borrowing_strength_s,0.0,B_vs_E,S2,diversified_regional,9,0
routine_borrowing_strength_s,0.0,B_vs_E,S2,regional_cat3,9,0
routine_borrowing_strength_s,0.0,B_vs_E,S2,gsib,9,0
routine_borrowing_strength_s,0.0,C_vs_A,S2,svb_like,9,0
routine_borrowing_strength_s,0.0,C_vs_A,S2,diversified_regional,9,0
routine_borrowing_strength_s,0.0,C_vs_A,S2,regional_cat3,9,0
routine_borrowing_strength_s,0.0,C_vs_A,S2,gsib,9,0
routine_borrowing_strength_s,0.0,B_vs_A,S2,svb_like,9,0
routine_borrowing_strength_s,0.0,B_vs_A,S2,diversified_regional,9,0
routine_borrowing_strength_s,0.0,B_vs_A,S2,regional_cat3,9,0
routine_borrowing_strength_s,0.0,B_vs_A,S2,gsib,9,0
routine_borrowing_strength_s,0.0,E_vs_A,S2,svb_like,9,0
routine_borrowing_strength_s,0.0,E_vs_A,S2,diversified_regional,9,0
routine_borrowing_strength_s,0.0,E_vs_A,S2,regional_cat3,9,0
routine_borrowing_strength_s,0.0,E_vs_A,S2,gsib,9,0
routine_borrowing_strength_s,0.0,C_prime_vs_C,S2,svb_like,9,0
routine_borrowing_strength_s,0.0,C_prime_vs_C,S2,diversified_regional,9,0
routine_borrowing_strength_s,0.0,C_prime_vs_C,S2,regional_cat3,9,0
routine_borrowing_strength_s,0.0,C_prime_vs_C,S2,gsib,9,0
routine_borrowing_strength_s,0.0,B_prime_vs_B,S2,svb_like,9,0
routine_borrowing_strength_s,0.0,B_prime_vs_B,S2,diversified_regional,9,0
routine_borrowing_strength_s,0.0,B_prime_vs_B,S2,regional_cat3,9,0
routine_borrowing_strength_s,0.0,B_prime_vs_B,S2,gsib,9,0
routine_borrowing_strength_s,0.7,B_vs_C,S1,svb_like,9,0
routine_borrowing_strength_s,0.7,B_vs_C,S1,diversified_regional,9,0
routine_borrowing_strength_s,0.7,B_vs_C,S1,regional_cat3,9,0
routine_borrowing_strength_s,0.7,B_vs_C,S1,gsib,9,6
routine_borrowing_strength_s,0.7,B_vs_E,S1,svb_like,9,0
routine_borrowing_strength_s,0.7,B_vs_E,S1,diversified_regional,9,0
routine_borrowing_strength_s,0.7,B_vs_E,S1,regional_cat3,9,0
routine_borrowing_strength_s,0.7,B_vs_E,S1,gsib,9,0
routine_borrowing_strength_s,0.7,C_vs_A,S1,svb_like,9,3
routine_borrowing_strength_s,0.7,C_vs_A,S1,diversified_regional,9,1
routine_borrowing_strength_s,0.7,C_vs_A,S1,regional_cat3,9,0
routine_borrowing_strength_s,0.7,C_vs_A,S1,gsib,9,6
routine_borrowing_strength_s,0.7,B_vs_A,S1,svb_like,9,0
routine_borrowing_strength_s,0.7,B_vs_A,S1,diversified_regional,9,0
routine_borrowing_strength_s,0.7,B_vs_A,S1,regional_cat3,9,0
routine_borrowing_strength_s,0.7,B_vs_A,S1,gsib,9,0
routine_borrowing_strength_s,0.7,E_vs_A,S1,svb_like,9,0
routine_borrowing_strength_s,0.7,E_vs_A,S1,diversified_regional,9,0
routine_borrowing_strength_s,0.7,E_vs_A,S1,regional_cat3,9,0
routine_borrowing_strength_s,0.7,E_vs_A,S1,gsib,9,0
routine_borrowing_strength_s,0.7,C_prime_vs_C,S1,svb_like,9,0
routine_borrowing_strength_s,0.7,C_prime_vs_C,S1,diversified_regional,9,1
routine_borrowing_strength_s,0.7,C_prime_vs_C,S1,regional_cat3,9,0
routine_borrowing_strength_s,0.7,C_prime_vs_C,S1,gsib,9,0
routine_borrowing_strength_s,0.7,B_prime_vs_B,S1,svb_like,9,0
routine_borrowing_strength_s,0.7,B_prime_vs_B,S1,diversified_regional,9,0
routine_borrowing_strength_s,0.7,B_prime_vs_B,S1,regional_cat3,9,0
routine_borrowing_strength_s,0.7,B_prime_vs_B,S1,gsib,9,0
routine_borrowing_strength_s,0.7,B_vs_C,S2,svb_like,9,0
routine_borrowing_strength_s,0.7,B_vs_C,S2,diversified_regional,9,0
routine_borrowing_strength_s,0.7,B_vs_C,S2,regional_cat3,9,0
routine_borrowing_strength_s,0.7,B_vs_C,S2,gsib,9,0
routine_borrowing_strength_s,0.7,B_vs_E,S2,svb_like,9,0
routine_borrowing_strength_s,0.7,B_vs_E,S2,diversified_regional,9,0
routine_borrowing_strength_s,0.7,B_vs_E,S2,regional_cat3,9,0
routine_borrowing_strength_s,0.7,B_vs_E,S2,gsib,9,0
routine_borrowing_strength_s,0.7,C_vs_A,S2,svb_like,9,0
routine_borrowing_strength_s,0.7,C_vs_A,S2,diversified_regional,9,0
routine_borrowing_strength_s,0.7,C_vs_A,S2,regional_cat3,9,6
routine_borrowing_strength_s,0.7,C_vs_A,S2,gsib,9,0
routine_borrowing_strength_s,0.7,B_vs_A,S2,svb_like,9,0
routine_borrowing_strength_s,0.7,B_vs_A,S2,diversified_regional,9,0
routine_borrowing_strength_s,0.7,B_vs_A,S2,regional_cat3,9,0
routine_borrowing_strength_s,0.7,B_vs_A,S2,gsib,9,0
routine_borrowing_strength_s,0.7,E_vs_A,S2,svb_like,9,0
routine_borrowing_strength_s,0.7,E_vs_A,S2,diversified_regional,9,0
routine_borrowing_strength_s,0.7,E_vs_A,S2,regional_cat3,9,0
routine_borrowing_strength_s,0.7,E_vs_A,S2,gsib,9,0
routine_borrowing_strength_s,0.7,C_prime_vs_C,S2,svb_like,9,0
routine_borrowing_strength_s,0.7,C_prime_vs_C,S2,diversified_regional,9,0
routine_borrowing_strength_s,0.7,C_prime_vs_C,S2,regional_cat3,9,0
routine_borrowing_strength_s,0.7,C_prime_vs_C,S2,gsib,9,0
routine_borrowing_strength_s,0.7,B_prime_vs_B,S2,svb_like,9,0
routine_borrowing_strength_s,0.7,B_prime_vs_B,S2,diversified_regional,9,0
routine_borrowing_strength_s,0.7,B_prime_vs_B,S2,regional_cat3,9,0
routine_borrowing_strength_s,0.7,B_prime_vs_B,S2,gsib,9,0
distress_hit_size,0.1,B_vs_C,S1,svb_like,9,0
distress_hit_size,0.1,B_vs_C,S1,diversified_regional,9,0
distress_hit_size,0.1,B_vs_C,S1,regional_cat3,9,0
distress_hit_size,0.1,B_vs_C,S1,gsib,9,6
distress_hit_size,0.1,B_vs_E,S1,svb_like,9,0
distress_hit_size,0.1,B_vs_E,S1,diversified_regional,9,0
distress_hit_size,0.1,B_vs_E,S1,regional_cat3,9,0
distress_hit_size,0.1,B_vs_E,S1,gsib,9,0
distress_hit_size,0.1,C_vs_A,S1,svb_like,9,3
distress_hit_size,0.1,C_vs_A,S1,diversified_regional,9,4
distress_hit_size,0.1,C_vs_A,S1,regional_cat3,9,0
distress_hit_size,0.1,C_vs_A,S1,gsib,9,0
distress_hit_size,0.1,B_vs_A,S1,svb_like,9,0
distress_hit_size,0.1,B_vs_A,S1,diversified_regional,9,0
distress_hit_size,0.1,B_vs_A,S1,regional_cat3,9,0
distress_hit_size,0.1,B_vs_A,S1,gsib,9,6
distress_hit_size,0.1,E_vs_A,S1,svb_like,9,0
distress_hit_size,0.1,E_vs_A,S1,diversified_regional,9,0
distress_hit_size,0.1,E_vs_A,S1,regional_cat3,9,0
distress_hit_size,0.1,E_vs_A,S1,gsib,9,6
distress_hit_size,0.1,C_prime_vs_C,S1,svb_like,9,0
distress_hit_size,0.1,C_prime_vs_C,S1,diversified_regional,9,4
distress_hit_size,0.1,C_prime_vs_C,S1,regional_cat3,9,0
distress_hit_size,0.1,C_prime_vs_C,S1,gsib,9,0
distress_hit_size,0.1,B_prime_vs_B,S1,svb_like,9,0
distress_hit_size,0.1,B_prime_vs_B,S1,diversified_regional,9,0
distress_hit_size,0.1,B_prime_vs_B,S1,regional_cat3,9,0
distress_hit_size,0.1,B_prime_vs_B,S1,gsib,9,0
distress_hit_size,0.1,B_vs_C,S2,svb_like,9,0
distress_hit_size,0.1,B_vs_C,S2,diversified_regional,9,0
distress_hit_size,0.1,B_vs_C,S2,regional_cat3,9,0
distress_hit_size,0.1,B_vs_C,S2,gsib,9,0
distress_hit_size,0.1,B_vs_E,S2,svb_like,9,0
distress_hit_size,0.1,B_vs_E,S2,diversified_regional,9,0
distress_hit_size,0.1,B_vs_E,S2,regional_cat3,9,0
distress_hit_size,0.1,B_vs_E,S2,gsib,9,0
distress_hit_size,0.1,C_vs_A,S2,svb_like,9,0
distress_hit_size,0.1,C_vs_A,S2,diversified_regional,9,0
distress_hit_size,0.1,C_vs_A,S2,regional_cat3,9,0
distress_hit_size,0.1,C_vs_A,S2,gsib,9,0
distress_hit_size,0.1,B_vs_A,S2,svb_like,9,0
distress_hit_size,0.1,B_vs_A,S2,diversified_regional,9,0
distress_hit_size,0.1,B_vs_A,S2,regional_cat3,9,6
distress_hit_size,0.1,B_vs_A,S2,gsib,9,0
distress_hit_size,0.1,E_vs_A,S2,svb_like,9,0
distress_hit_size,0.1,E_vs_A,S2,diversified_regional,9,0
distress_hit_size,0.1,E_vs_A,S2,regional_cat3,9,6
distress_hit_size,0.1,E_vs_A,S2,gsib,9,0
distress_hit_size,0.1,C_prime_vs_C,S2,svb_like,9,0
distress_hit_size,0.1,C_prime_vs_C,S2,diversified_regional,9,0
distress_hit_size,0.1,C_prime_vs_C,S2,regional_cat3,9,0
distress_hit_size,0.1,C_prime_vs_C,S2,gsib,9,0
distress_hit_size,0.1,B_prime_vs_B,S2,svb_like,9,0
distress_hit_size,0.1,B_prime_vs_B,S2,diversified_regional,9,0
distress_hit_size,0.1,B_prime_vs_B,S2,regional_cat3,9,0
distress_hit_size,0.1,B_prime_vs_B,S2,gsib,9,0
distress_hit_size,0.4,B_vs_C,S1,svb_like,9,0
distress_hit_size,0.4,B_vs_C,S1,diversified_regional,9,0
distress_hit_size,0.4,B_vs_C,S1,regional_cat3,9,0
distress_hit_size,0.4,B_vs_C,S1,gsib,9,3
distress_hit_size,0.4,B_vs_E,S1,svb_like,9,0
distress_hit_size,0.4,B_vs_E,S1,diversified_regional,9,0
distress_hit_size,0.4,B_vs_E,S1,regional_cat3,9,0
distress_hit_size,0.4,B_vs_E,S1,gsib,9,0
distress_hit_size,0.4,C_vs_A,S1,svb_like,9,6
distress_hit_size,0.4,C_vs_A,S1,diversified_regional,9,1
distress_hit_size,0.4,C_vs_A,S1,regional_cat3,9,0
distress_hit_size,0.4,C_vs_A,S1,gsib,9,4
distress_hit_size,0.4,B_vs_A,S1,svb_like,9,0
distress_hit_size,0.4,B_vs_A,S1,diversified_regional,9,0
distress_hit_size,0.4,B_vs_A,S1,regional_cat3,9,0
distress_hit_size,0.4,B_vs_A,S1,gsib,9,3
distress_hit_size,0.4,E_vs_A,S1,svb_like,9,0
distress_hit_size,0.4,E_vs_A,S1,diversified_regional,9,0
distress_hit_size,0.4,E_vs_A,S1,regional_cat3,9,0
distress_hit_size,0.4,E_vs_A,S1,gsib,9,3
distress_hit_size,0.4,C_prime_vs_C,S1,svb_like,9,0
distress_hit_size,0.4,C_prime_vs_C,S1,diversified_regional,9,1
distress_hit_size,0.4,C_prime_vs_C,S1,regional_cat3,9,0
distress_hit_size,0.4,C_prime_vs_C,S1,gsib,9,0
distress_hit_size,0.4,B_prime_vs_B,S1,svb_like,9,9
distress_hit_size,0.4,B_prime_vs_B,S1,diversified_regional,9,0
distress_hit_size,0.4,B_prime_vs_B,S1,regional_cat3,9,0
distress_hit_size,0.4,B_prime_vs_B,S1,gsib,9,0
distress_hit_size,0.4,B_vs_C,S2,svb_like,9,0
distress_hit_size,0.4,B_vs_C,S2,diversified_regional,9,0
distress_hit_size,0.4,B_vs_C,S2,regional_cat3,9,9
distress_hit_size,0.4,B_vs_C,S2,gsib,9,0
distress_hit_size,0.4,B_vs_E,S2,svb_like,9,0
distress_hit_size,0.4,B_vs_E,S2,diversified_regional,9,0
distress_hit_size,0.4,B_vs_E,S2,regional_cat3,9,0
distress_hit_size,0.4,B_vs_E,S2,gsib,9,0
distress_hit_size,0.4,C_vs_A,S2,svb_like,9,0
distress_hit_size,0.4,C_vs_A,S2,diversified_regional,9,9
distress_hit_size,0.4,C_vs_A,S2,regional_cat3,9,2
distress_hit_size,0.4,C_vs_A,S2,gsib,9,0
distress_hit_size,0.4,B_vs_A,S2,svb_like,9,0
distress_hit_size,0.4,B_vs_A,S2,diversified_regional,9,9
distress_hit_size,0.4,B_vs_A,S2,regional_cat3,9,3
distress_hit_size,0.4,B_vs_A,S2,gsib,9,0
distress_hit_size,0.4,E_vs_A,S2,svb_like,9,0
distress_hit_size,0.4,E_vs_A,S2,diversified_regional,9,9
distress_hit_size,0.4,E_vs_A,S2,regional_cat3,9,3
distress_hit_size,0.4,E_vs_A,S2,gsib,9,0
distress_hit_size,0.4,C_prime_vs_C,S2,svb_like,9,0
distress_hit_size,0.4,C_prime_vs_C,S2,diversified_regional,9,9
distress_hit_size,0.4,C_prime_vs_C,S2,regional_cat3,9,0
distress_hit_size,0.4,C_prime_vs_C,S2,gsib,9,0
distress_hit_size,0.4,B_prime_vs_B,S2,svb_like,9,9
distress_hit_size,0.4,B_prime_vs_B,S2,diversified_regional,9,0
distress_hit_size,0.4,B_prime_vs_B,S2,regional_cat3,9,0
distress_hit_size,0.4,B_prime_vs_B,S2,gsib,9,0
b_full_run,uninsured_runoff_100pct,B_vs_C,S1,svb_like,9,0
b_full_run,uninsured_runoff_100pct,B_vs_C,S1,diversified_regional,9,0
b_full_run,uninsured_runoff_100pct,B_vs_C,S1,regional_cat3,9,0
b_full_run,uninsured_runoff_100pct,B_vs_C,S1,gsib,9,0
b_full_run,uninsured_runoff_100pct,B_vs_E,S1,svb_like,9,9
b_full_run,uninsured_runoff_100pct,B_vs_E,S1,diversified_regional,9,0
b_full_run,uninsured_runoff_100pct,B_vs_E,S1,regional_cat3,9,0
b_full_run,uninsured_runoff_100pct,B_vs_E,S1,gsib,9,0
b_full_run,uninsured_runoff_100pct,C_vs_A,S1,svb_like,9,0
b_full_run,uninsured_runoff_100pct,C_vs_A,S1,diversified_regional,9,0
b_full_run,uninsured_runoff_100pct,C_vs_A,S1,regional_cat3,9,0
b_full_run,uninsured_runoff_100pct,C_vs_A,S1,gsib,9,0
b_full_run,uninsured_runoff_100pct,B_vs_A,S1,svb_like,9,0
b_full_run,uninsured_runoff_100pct,B_vs_A,S1,diversified_regional,9,0
b_full_run,uninsured_runoff_100pct,B_vs_A,S1,regional_cat3,9,0
b_full_run,uninsured_runoff_100pct,B_vs_A,S1,gsib,9,0
b_full_run,uninsured_runoff_100pct,E_vs_A,S1,svb_like,9,9
b_full_run,uninsured_runoff_100pct,E_vs_A,S1,diversified_regional,9,0
b_full_run,uninsured_runoff_100pct,E_vs_A,S1,regional_cat3,9,0
b_full_run,uninsured_runoff_100pct,E_vs_A,S1,gsib,9,0
b_full_run,uninsured_runoff_100pct,C_prime_vs_C,S1,svb_like,9,0
b_full_run,uninsured_runoff_100pct,C_prime_vs_C,S1,diversified_regional,9,0
b_full_run,uninsured_runoff_100pct,C_prime_vs_C,S1,regional_cat3,9,0
b_full_run,uninsured_runoff_100pct,C_prime_vs_C,S1,gsib,9,0
b_full_run,uninsured_runoff_100pct,B_prime_vs_B,S1,svb_like,9,9
b_full_run,uninsured_runoff_100pct,B_prime_vs_B,S1,diversified_regional,9,0
b_full_run,uninsured_runoff_100pct,B_prime_vs_B,S1,regional_cat3,9,0
b_full_run,uninsured_runoff_100pct,B_prime_vs_B,S1,gsib,9,0
b_full_run,uninsured_runoff_100pct,B_vs_C,S2,svb_like,9,0
b_full_run,uninsured_runoff_100pct,B_vs_C,S2,diversified_regional,9,0
b_full_run,uninsured_runoff_100pct,B_vs_C,S2,regional_cat3,9,0
b_full_run,uninsured_runoff_100pct,B_vs_C,S2,gsib,9,0
b_full_run,uninsured_runoff_100pct,B_vs_E,S2,svb_like,9,9
b_full_run,uninsured_runoff_100pct,B_vs_E,S2,diversified_regional,9,0
b_full_run,uninsured_runoff_100pct,B_vs_E,S2,regional_cat3,9,0
b_full_run,uninsured_runoff_100pct,B_vs_E,S2,gsib,9,0
b_full_run,uninsured_runoff_100pct,C_vs_A,S2,svb_like,9,0
b_full_run,uninsured_runoff_100pct,C_vs_A,S2,diversified_regional,9,0
b_full_run,uninsured_runoff_100pct,C_vs_A,S2,regional_cat3,9,0
b_full_run,uninsured_runoff_100pct,C_vs_A,S2,gsib,9,0
b_full_run,uninsured_runoff_100pct,B_vs_A,S2,svb_like,9,0
b_full_run,uninsured_runoff_100pct,B_vs_A,S2,diversified_regional,9,0
b_full_run,uninsured_runoff_100pct,B_vs_A,S2,regional_cat3,9,0
b_full_run,uninsured_runoff_100pct,B_vs_A,S2,gsib,9,0
b_full_run,uninsured_runoff_100pct,E_vs_A,S2,svb_like,9,9
b_full_run,uninsured_runoff_100pct,E_vs_A,S2,diversified_regional,9,0
b_full_run,uninsured_runoff_100pct,E_vs_A,S2,regional_cat3,9,0
b_full_run,uninsured_runoff_100pct,E_vs_A,S2,gsib,9,0
b_full_run,uninsured_runoff_100pct,C_prime_vs_C,S2,svb_like,9,0
b_full_run,uninsured_runoff_100pct,C_prime_vs_C,S2,diversified_regional,9,0
b_full_run,uninsured_runoff_100pct,C_prime_vs_C,S2,regional_cat3,9,0
b_full_run,uninsured_runoff_100pct,C_prime_vs_C,S2,gsib,9,0
b_full_run,uninsured_runoff_100pct,B_prime_vs_B,S2,svb_like,9,9
b_full_run,uninsured_runoff_100pct,B_prime_vs_B,S2,diversified_regional,9,0
b_full_run,uninsured_runoff_100pct,B_prime_vs_B,S2,regional_cat3,9,0
b_full_run,uninsured_runoff_100pct,B_prime_vs_B,S2,gsib,9,0
svb_like_no_lcr,no_lcr,B_vs_C,S1,svb_like,9,0
svb_like_no_lcr,no_lcr,B_vs_E,S1,svb_like,9,0
svb_like_no_lcr,no_lcr,C_vs_A,S1,svb_like,9,6
svb_like_no_lcr,no_lcr,B_vs_A,S1,svb_like,9,0
svb_like_no_lcr,no_lcr,E_vs_A,S1,svb_like,9,0
svb_like_no_lcr,no_lcr,C_prime_vs_C,S1,svb_like,9,9
svb_like_no_lcr,no_lcr,B_prime_vs_B,S1,svb_like,9,0
svb_like_no_lcr,no_lcr,B_vs_C,S2,svb_like,9,0
svb_like_no_lcr,no_lcr,B_vs_E,S2,svb_like,9,0
svb_like_no_lcr,no_lcr,C_vs_A,S2,svb_like,9,0
svb_like_no_lcr,no_lcr,B_vs_A,S2,svb_like,9,0
svb_like_no_lcr,no_lcr,E_vs_A,S2,svb_like,9,0
svb_like_no_lcr,no_lcr,C_prime_vs_C,S2,svb_like,9,9
svb_like_no_lcr,no_lcr,B_prime_vs_B,S2,svb_like,9,0
starting_collateral_split,fed_minus_20pp,B_vs_C,S1,svb_like,9,0
starting_collateral_split,fed_minus_20pp,B_vs_C,S1,diversified_regional,9,0
starting_collateral_split,fed_minus_20pp,B_vs_C,S1,regional_cat3,9,0
starting_collateral_split,fed_minus_20pp,B_vs_C,S1,gsib,9,3
starting_collateral_split,fed_minus_20pp,B_vs_E,S1,svb_like,9,0
starting_collateral_split,fed_minus_20pp,B_vs_E,S1,diversified_regional,9,0
starting_collateral_split,fed_minus_20pp,B_vs_E,S1,regional_cat3,9,0
starting_collateral_split,fed_minus_20pp,B_vs_E,S1,gsib,9,0
starting_collateral_split,fed_minus_20pp,C_vs_A,S1,svb_like,9,9
starting_collateral_split,fed_minus_20pp,C_vs_A,S1,diversified_regional,9,1
starting_collateral_split,fed_minus_20pp,C_vs_A,S1,regional_cat3,9,0
starting_collateral_split,fed_minus_20pp,C_vs_A,S1,gsib,9,3
starting_collateral_split,fed_minus_20pp,B_vs_A,S1,svb_like,9,0
starting_collateral_split,fed_minus_20pp,B_vs_A,S1,diversified_regional,9,0
starting_collateral_split,fed_minus_20pp,B_vs_A,S1,regional_cat3,9,0
starting_collateral_split,fed_minus_20pp,B_vs_A,S1,gsib,9,0
starting_collateral_split,fed_minus_20pp,E_vs_A,S1,svb_like,9,0
starting_collateral_split,fed_minus_20pp,E_vs_A,S1,diversified_regional,9,0
starting_collateral_split,fed_minus_20pp,E_vs_A,S1,regional_cat3,9,0
starting_collateral_split,fed_minus_20pp,E_vs_A,S1,gsib,9,0
starting_collateral_split,fed_minus_20pp,C_prime_vs_C,S1,svb_like,9,0
starting_collateral_split,fed_minus_20pp,C_prime_vs_C,S1,diversified_regional,9,1
starting_collateral_split,fed_minus_20pp,C_prime_vs_C,S1,regional_cat3,9,0
starting_collateral_split,fed_minus_20pp,C_prime_vs_C,S1,gsib,9,0
starting_collateral_split,fed_minus_20pp,B_prime_vs_B,S1,svb_like,9,0
starting_collateral_split,fed_minus_20pp,B_prime_vs_B,S1,diversified_regional,9,0
starting_collateral_split,fed_minus_20pp,B_prime_vs_B,S1,regional_cat3,9,0
starting_collateral_split,fed_minus_20pp,B_prime_vs_B,S1,gsib,9,0
starting_collateral_split,fed_minus_20pp,B_vs_C,S2,svb_like,9,0
starting_collateral_split,fed_minus_20pp,B_vs_C,S2,diversified_regional,9,0
starting_collateral_split,fed_minus_20pp,B_vs_C,S2,regional_cat3,9,9
starting_collateral_split,fed_minus_20pp,B_vs_C,S2,gsib,9,0
starting_collateral_split,fed_minus_20pp,B_vs_E,S2,svb_like,9,0
starting_collateral_split,fed_minus_20pp,B_vs_E,S2,diversified_regional,9,0
starting_collateral_split,fed_minus_20pp,B_vs_E,S2,regional_cat3,9,0
starting_collateral_split,fed_minus_20pp,B_vs_E,S2,gsib,9,0
starting_collateral_split,fed_minus_20pp,C_vs_A,S2,svb_like,9,9
starting_collateral_split,fed_minus_20pp,C_vs_A,S2,diversified_regional,9,0
starting_collateral_split,fed_minus_20pp,C_vs_A,S2,regional_cat3,9,7
starting_collateral_split,fed_minus_20pp,C_vs_A,S2,gsib,9,0
starting_collateral_split,fed_minus_20pp,B_vs_A,S2,svb_like,9,0
starting_collateral_split,fed_minus_20pp,B_vs_A,S2,diversified_regional,9,0
starting_collateral_split,fed_minus_20pp,B_vs_A,S2,regional_cat3,9,2
starting_collateral_split,fed_minus_20pp,B_vs_A,S2,gsib,9,0
starting_collateral_split,fed_minus_20pp,E_vs_A,S2,svb_like,9,0
starting_collateral_split,fed_minus_20pp,E_vs_A,S2,diversified_regional,9,0
starting_collateral_split,fed_minus_20pp,E_vs_A,S2,regional_cat3,9,2
starting_collateral_split,fed_minus_20pp,E_vs_A,S2,gsib,9,0
starting_collateral_split,fed_minus_20pp,C_prime_vs_C,S2,svb_like,9,0
starting_collateral_split,fed_minus_20pp,C_prime_vs_C,S2,diversified_regional,9,0
starting_collateral_split,fed_minus_20pp,C_prime_vs_C,S2,regional_cat3,9,0
starting_collateral_split,fed_minus_20pp,C_prime_vs_C,S2,gsib,9,0
starting_collateral_split,fed_minus_20pp,B_prime_vs_B,S2,svb_like,9,0
starting_collateral_split,fed_minus_20pp,B_prime_vs_B,S2,diversified_regional,9,0
starting_collateral_split,fed_minus_20pp,B_prime_vs_B,S2,regional_cat3,9,0
starting_collateral_split,fed_minus_20pp,B_prime_vs_B,S2,gsib,9,0
starting_collateral_split,fed_plus_20pp,B_vs_C,S1,svb_like,9,9
starting_collateral_split,fed_plus_20pp,B_vs_C,S1,diversified_regional,9,0
starting_collateral_split,fed_plus_20pp,B_vs_C,S1,regional_cat3,9,0
starting_collateral_split,fed_plus_20pp,B_vs_C,S1,gsib,9,6
starting_collateral_split,fed_plus_20pp,B_vs_E,S1,svb_like,9,0
starting_collateral_split,fed_plus_20pp,B_vs_E,S1,diversified_regional,9,0
starting_collateral_split,fed_plus_20pp,B_vs_E,S1,regional_cat3,9,0
starting_collateral_split,fed_plus_20pp,B_vs_E,S1,gsib,9,0
starting_collateral_split,fed_plus_20pp,C_vs_A,S1,svb_like,9,9
starting_collateral_split,fed_plus_20pp,C_vs_A,S1,diversified_regional,9,0
starting_collateral_split,fed_plus_20pp,C_vs_A,S1,regional_cat3,9,0
starting_collateral_split,fed_plus_20pp,C_vs_A,S1,gsib,9,6
starting_collateral_split,fed_plus_20pp,B_vs_A,S1,svb_like,9,9
starting_collateral_split,fed_plus_20pp,B_vs_A,S1,diversified_regional,9,0
starting_collateral_split,fed_plus_20pp,B_vs_A,S1,regional_cat3,9,0
starting_collateral_split,fed_plus_20pp,B_vs_A,S1,gsib,9,0
starting_collateral_split,fed_plus_20pp,E_vs_A,S1,svb_like,9,9
starting_collateral_split,fed_plus_20pp,E_vs_A,S1,diversified_regional,9,0
starting_collateral_split,fed_plus_20pp,E_vs_A,S1,regional_cat3,9,0
starting_collateral_split,fed_plus_20pp,E_vs_A,S1,gsib,9,0
starting_collateral_split,fed_plus_20pp,C_prime_vs_C,S1,svb_like,9,0
starting_collateral_split,fed_plus_20pp,C_prime_vs_C,S1,diversified_regional,9,0
starting_collateral_split,fed_plus_20pp,C_prime_vs_C,S1,regional_cat3,9,0
starting_collateral_split,fed_plus_20pp,C_prime_vs_C,S1,gsib,9,0
starting_collateral_split,fed_plus_20pp,B_prime_vs_B,S1,svb_like,9,0
starting_collateral_split,fed_plus_20pp,B_prime_vs_B,S1,diversified_regional,9,0
starting_collateral_split,fed_plus_20pp,B_prime_vs_B,S1,regional_cat3,9,0
starting_collateral_split,fed_plus_20pp,B_prime_vs_B,S1,gsib,9,0
starting_collateral_split,fed_plus_20pp,B_vs_C,S2,svb_like,9,0
starting_collateral_split,fed_plus_20pp,B_vs_C,S2,diversified_regional,9,0
starting_collateral_split,fed_plus_20pp,B_vs_C,S2,regional_cat3,9,0
starting_collateral_split,fed_plus_20pp,B_vs_C,S2,gsib,9,0
starting_collateral_split,fed_plus_20pp,B_vs_E,S2,svb_like,9,0
starting_collateral_split,fed_plus_20pp,B_vs_E,S2,diversified_regional,9,0
starting_collateral_split,fed_plus_20pp,B_vs_E,S2,regional_cat3,9,0
starting_collateral_split,fed_plus_20pp,B_vs_E,S2,gsib,9,0
starting_collateral_split,fed_plus_20pp,C_vs_A,S2,svb_like,9,9
starting_collateral_split,fed_plus_20pp,C_vs_A,S2,diversified_regional,9,0
starting_collateral_split,fed_plus_20pp,C_vs_A,S2,regional_cat3,9,6
starting_collateral_split,fed_plus_20pp,C_vs_A,S2,gsib,9,0
starting_collateral_split,fed_plus_20pp,B_vs_A,S2,svb_like,9,0
starting_collateral_split,fed_plus_20pp,B_vs_A,S2,diversified_regional,9,0
starting_collateral_split,fed_plus_20pp,B_vs_A,S2,regional_cat3,9,0
starting_collateral_split,fed_plus_20pp,B_vs_A,S2,gsib,9,0
starting_collateral_split,fed_plus_20pp,E_vs_A,S2,svb_like,9,0
starting_collateral_split,fed_plus_20pp,E_vs_A,S2,diversified_regional,9,0
starting_collateral_split,fed_plus_20pp,E_vs_A,S2,regional_cat3,9,0
starting_collateral_split,fed_plus_20pp,E_vs_A,S2,gsib,9,0
starting_collateral_split,fed_plus_20pp,C_prime_vs_C,S2,svb_like,9,0
starting_collateral_split,fed_plus_20pp,C_prime_vs_C,S2,diversified_regional,9,0
starting_collateral_split,fed_plus_20pp,C_prime_vs_C,S2,regional_cat3,9,0
starting_collateral_split,fed_plus_20pp,C_prime_vs_C,S2,gsib,9,0
starting_collateral_split,fed_plus_20pp,B_prime_vs_B,S2,svb_like,9,0
starting_collateral_split,fed_plus_20pp,B_prime_vs_B,S2,diversified_regional,9,0
starting_collateral_split,fed_plus_20pp,B_prime_vs_B,S2,regional_cat3,9,0
starting_collateral_split,fed_plus_20pp,B_prime_vs_B,S2,gsib,9,0
starting_collateral_split,fhlb_minus_20pp,B_vs_C,S1,svb_like,9,0
starting_collateral_split,fhlb_minus_20pp,B_vs_C,S1,diversified_regional,9,0
starting_collateral_split,fhlb_minus_20pp,B_vs_C,S1,regional_cat3,9,0
starting_collateral_split,fhlb_minus_20pp,B_vs_C,S1,gsib,9,0
starting_collateral_split,fhlb_minus_20pp,B_vs_E,S1,svb_like,9,0
starting_collateral_split,fhlb_minus_20pp,B_vs_E,S1,diversified_regional,9,0
starting_collateral_split,fhlb_minus_20pp,B_vs_E,S1,regional_cat3,9,0
starting_collateral_split,fhlb_minus_20pp,B_vs_E,S1,gsib,9,0
starting_collateral_split,fhlb_minus_20pp,C_vs_A,S1,svb_like,9,6
starting_collateral_split,fhlb_minus_20pp,C_vs_A,S1,diversified_regional,9,0
starting_collateral_split,fhlb_minus_20pp,C_vs_A,S1,regional_cat3,9,0
starting_collateral_split,fhlb_minus_20pp,C_vs_A,S1,gsib,9,0
starting_collateral_split,fhlb_minus_20pp,B_vs_A,S1,svb_like,9,0
starting_collateral_split,fhlb_minus_20pp,B_vs_A,S1,diversified_regional,9,0
starting_collateral_split,fhlb_minus_20pp,B_vs_A,S1,regional_cat3,9,0
starting_collateral_split,fhlb_minus_20pp,B_vs_A,S1,gsib,9,0
starting_collateral_split,fhlb_minus_20pp,E_vs_A,S1,svb_like,9,0
starting_collateral_split,fhlb_minus_20pp,E_vs_A,S1,diversified_regional,9,0
starting_collateral_split,fhlb_minus_20pp,E_vs_A,S1,regional_cat3,9,0
starting_collateral_split,fhlb_minus_20pp,E_vs_A,S1,gsib,9,0
starting_collateral_split,fhlb_minus_20pp,C_prime_vs_C,S1,svb_like,9,0
starting_collateral_split,fhlb_minus_20pp,C_prime_vs_C,S1,diversified_regional,9,0
starting_collateral_split,fhlb_minus_20pp,C_prime_vs_C,S1,regional_cat3,9,0
starting_collateral_split,fhlb_minus_20pp,C_prime_vs_C,S1,gsib,9,0
starting_collateral_split,fhlb_minus_20pp,B_prime_vs_B,S1,svb_like,9,0
starting_collateral_split,fhlb_minus_20pp,B_prime_vs_B,S1,diversified_regional,9,0
starting_collateral_split,fhlb_minus_20pp,B_prime_vs_B,S1,regional_cat3,9,0
starting_collateral_split,fhlb_minus_20pp,B_prime_vs_B,S1,gsib,9,0
starting_collateral_split,fhlb_minus_20pp,B_vs_C,S2,svb_like,9,0
starting_collateral_split,fhlb_minus_20pp,B_vs_C,S2,diversified_regional,9,0
starting_collateral_split,fhlb_minus_20pp,B_vs_C,S2,regional_cat3,9,0
starting_collateral_split,fhlb_minus_20pp,B_vs_C,S2,gsib,9,0
starting_collateral_split,fhlb_minus_20pp,B_vs_E,S2,svb_like,9,0
starting_collateral_split,fhlb_minus_20pp,B_vs_E,S2,diversified_regional,9,0
starting_collateral_split,fhlb_minus_20pp,B_vs_E,S2,regional_cat3,9,0
starting_collateral_split,fhlb_minus_20pp,B_vs_E,S2,gsib,9,0
starting_collateral_split,fhlb_minus_20pp,C_vs_A,S2,svb_like,9,9
starting_collateral_split,fhlb_minus_20pp,C_vs_A,S2,diversified_regional,9,0
starting_collateral_split,fhlb_minus_20pp,C_vs_A,S2,regional_cat3,9,0
starting_collateral_split,fhlb_minus_20pp,C_vs_A,S2,gsib,9,0
starting_collateral_split,fhlb_minus_20pp,B_vs_A,S2,svb_like,9,0
starting_collateral_split,fhlb_minus_20pp,B_vs_A,S2,diversified_regional,9,0
starting_collateral_split,fhlb_minus_20pp,B_vs_A,S2,regional_cat3,9,0
starting_collateral_split,fhlb_minus_20pp,B_vs_A,S2,gsib,9,0
starting_collateral_split,fhlb_minus_20pp,E_vs_A,S2,svb_like,9,0
starting_collateral_split,fhlb_minus_20pp,E_vs_A,S2,diversified_regional,9,0
starting_collateral_split,fhlb_minus_20pp,E_vs_A,S2,regional_cat3,9,0
starting_collateral_split,fhlb_minus_20pp,E_vs_A,S2,gsib,9,0
starting_collateral_split,fhlb_minus_20pp,C_prime_vs_C,S2,svb_like,9,0
starting_collateral_split,fhlb_minus_20pp,C_prime_vs_C,S2,diversified_regional,9,0
starting_collateral_split,fhlb_minus_20pp,C_prime_vs_C,S2,regional_cat3,9,0
starting_collateral_split,fhlb_minus_20pp,C_prime_vs_C,S2,gsib,9,0
starting_collateral_split,fhlb_minus_20pp,B_prime_vs_B,S2,svb_like,9,0
starting_collateral_split,fhlb_minus_20pp,B_prime_vs_B,S2,diversified_regional,9,0
starting_collateral_split,fhlb_minus_20pp,B_prime_vs_B,S2,regional_cat3,9,0
starting_collateral_split,fhlb_minus_20pp,B_prime_vs_B,S2,gsib,9,0
starting_collateral_split,fhlb_plus_20pp,B_vs_C,S1,svb_like,9,0
starting_collateral_split,fhlb_plus_20pp,B_vs_C,S1,diversified_regional,9,0
starting_collateral_split,fhlb_plus_20pp,B_vs_C,S1,regional_cat3,9,0
starting_collateral_split,fhlb_plus_20pp,B_vs_C,S1,gsib,9,0
starting_collateral_split,fhlb_plus_20pp,B_vs_E,S1,svb_like,9,0
starting_collateral_split,fhlb_plus_20pp,B_vs_E,S1,diversified_regional,9,0
starting_collateral_split,fhlb_plus_20pp,B_vs_E,S1,regional_cat3,9,0
starting_collateral_split,fhlb_plus_20pp,B_vs_E,S1,gsib,9,0
starting_collateral_split,fhlb_plus_20pp,C_vs_A,S1,svb_like,9,0
starting_collateral_split,fhlb_plus_20pp,C_vs_A,S1,diversified_regional,9,0
starting_collateral_split,fhlb_plus_20pp,C_vs_A,S1,regional_cat3,9,0
starting_collateral_split,fhlb_plus_20pp,C_vs_A,S1,gsib,9,0
starting_collateral_split,fhlb_plus_20pp,B_vs_A,S1,svb_like,9,0
starting_collateral_split,fhlb_plus_20pp,B_vs_A,S1,diversified_regional,9,0
starting_collateral_split,fhlb_plus_20pp,B_vs_A,S1,regional_cat3,9,0
starting_collateral_split,fhlb_plus_20pp,B_vs_A,S1,gsib,9,0
starting_collateral_split,fhlb_plus_20pp,E_vs_A,S1,svb_like,9,0
starting_collateral_split,fhlb_plus_20pp,E_vs_A,S1,diversified_regional,9,0
starting_collateral_split,fhlb_plus_20pp,E_vs_A,S1,regional_cat3,9,0
starting_collateral_split,fhlb_plus_20pp,E_vs_A,S1,gsib,9,0
starting_collateral_split,fhlb_plus_20pp,C_prime_vs_C,S1,svb_like,9,9
starting_collateral_split,fhlb_plus_20pp,C_prime_vs_C,S1,diversified_regional,9,0
starting_collateral_split,fhlb_plus_20pp,C_prime_vs_C,S1,regional_cat3,9,0
starting_collateral_split,fhlb_plus_20pp,C_prime_vs_C,S1,gsib,9,0
starting_collateral_split,fhlb_plus_20pp,B_prime_vs_B,S1,svb_like,9,0
starting_collateral_split,fhlb_plus_20pp,B_prime_vs_B,S1,diversified_regional,9,0
starting_collateral_split,fhlb_plus_20pp,B_prime_vs_B,S1,regional_cat3,9,0
starting_collateral_split,fhlb_plus_20pp,B_prime_vs_B,S1,gsib,9,0
starting_collateral_split,fhlb_plus_20pp,B_vs_C,S2,svb_like,9,0
starting_collateral_split,fhlb_plus_20pp,B_vs_C,S2,diversified_regional,9,0
starting_collateral_split,fhlb_plus_20pp,B_vs_C,S2,regional_cat3,9,0
starting_collateral_split,fhlb_plus_20pp,B_vs_C,S2,gsib,9,0
starting_collateral_split,fhlb_plus_20pp,B_vs_E,S2,svb_like,9,0
starting_collateral_split,fhlb_plus_20pp,B_vs_E,S2,diversified_regional,9,0
starting_collateral_split,fhlb_plus_20pp,B_vs_E,S2,regional_cat3,9,0
starting_collateral_split,fhlb_plus_20pp,B_vs_E,S2,gsib,9,0
starting_collateral_split,fhlb_plus_20pp,C_vs_A,S2,svb_like,9,0
starting_collateral_split,fhlb_plus_20pp,C_vs_A,S2,diversified_regional,9,0
starting_collateral_split,fhlb_plus_20pp,C_vs_A,S2,regional_cat3,9,0
starting_collateral_split,fhlb_plus_20pp,C_vs_A,S2,gsib,9,0
starting_collateral_split,fhlb_plus_20pp,B_vs_A,S2,svb_like,9,0
starting_collateral_split,fhlb_plus_20pp,B_vs_A,S2,diversified_regional,9,0
starting_collateral_split,fhlb_plus_20pp,B_vs_A,S2,regional_cat3,9,0
starting_collateral_split,fhlb_plus_20pp,B_vs_A,S2,gsib,9,0
starting_collateral_split,fhlb_plus_20pp,E_vs_A,S2,svb_like,9,0
starting_collateral_split,fhlb_plus_20pp,E_vs_A,S2,diversified_regional,9,0
starting_collateral_split,fhlb_plus_20pp,E_vs_A,S2,regional_cat3,9,0
starting_collateral_split,fhlb_plus_20pp,E_vs_A,S2,gsib,9,0
starting_collateral_split,fhlb_plus_20pp,C_prime_vs_C,S2,svb_like,9,9
starting_collateral_split,fhlb_plus_20pp,C_prime_vs_C,S2,diversified_regional,9,0
starting_collateral_split,fhlb_plus_20pp,C_prime_vs_C,S2,regional_cat3,9,0
starting_collateral_split,fhlb_plus_20pp,C_prime_vs_C,S2,gsib,9,0
starting_collateral_split,fhlb_plus_20pp,B_prime_vs_B,S2,svb_like,9,0
starting_collateral_split,fhlb_plus_20pp,B_prime_vs_B,S2,diversified_regional,9,0
starting_collateral_split,fhlb_plus_20pp,B_prime_vs_B,S2,regional_cat3,9,0
starting_collateral_split,fhlb_plus_20pp,B_prime_vs_B,S2,gsib,9,0
fhlb_line_share,0.03,B_vs_C,S1,svb_like,9,0
fhlb_line_share,0.03,B_vs_C,S1,diversified_regional,9,0
fhlb_line_share,0.03,B_vs_C,S1,regional_cat3,9,0
fhlb_line_share,0.03,B_vs_C,S1,gsib,9,3
fhlb_line_share,0.03,B_vs_E,S1,svb_like,9,0
fhlb_line_share,0.03,B_vs_E,S1,diversified_regional,9,0
fhlb_line_share,0.03,B_vs_E,S1,regional_cat3,9,0
fhlb_line_share,0.03,B_vs_E,S1,gsib,9,0
fhlb_line_share,0.03,C_vs_A,S1,svb_like,9,6
fhlb_line_share,0.03,C_vs_A,S1,diversified_regional,9,1
fhlb_line_share,0.03,C_vs_A,S1,regional_cat3,9,0
fhlb_line_share,0.03,C_vs_A,S1,gsib,9,5
fhlb_line_share,0.03,B_vs_A,S1,svb_like,9,0
fhlb_line_share,0.03,B_vs_A,S1,diversified_regional,9,0
fhlb_line_share,0.03,B_vs_A,S1,regional_cat3,9,0
fhlb_line_share,0.03,B_vs_A,S1,gsib,9,3
fhlb_line_share,0.03,E_vs_A,S1,svb_like,9,0
fhlb_line_share,0.03,E_vs_A,S1,diversified_regional,9,0
fhlb_line_share,0.03,E_vs_A,S1,regional_cat3,9,0
fhlb_line_share,0.03,E_vs_A,S1,gsib,9,3
fhlb_line_share,0.03,C_prime_vs_C,S1,svb_like,9,9
fhlb_line_share,0.03,C_prime_vs_C,S1,diversified_regional,9,1
fhlb_line_share,0.03,C_prime_vs_C,S1,regional_cat3,9,0
fhlb_line_share,0.03,C_prime_vs_C,S1,gsib,9,0
fhlb_line_share,0.03,B_prime_vs_B,S1,svb_like,9,0
fhlb_line_share,0.03,B_prime_vs_B,S1,diversified_regional,9,0
fhlb_line_share,0.03,B_prime_vs_B,S1,regional_cat3,9,0
fhlb_line_share,0.03,B_prime_vs_B,S1,gsib,9,0
fhlb_line_share,0.03,B_vs_C,S2,svb_like,9,0
fhlb_line_share,0.03,B_vs_C,S2,diversified_regional,9,9
fhlb_line_share,0.03,B_vs_C,S2,regional_cat3,9,9
fhlb_line_share,0.03,B_vs_C,S2,gsib,9,0
fhlb_line_share,0.03,B_vs_E,S2,svb_like,9,0
fhlb_line_share,0.03,B_vs_E,S2,diversified_regional,9,0
fhlb_line_share,0.03,B_vs_E,S2,regional_cat3,9,0
fhlb_line_share,0.03,B_vs_E,S2,gsib,9,0
fhlb_line_share,0.03,C_vs_A,S2,svb_like,9,0
fhlb_line_share,0.03,C_vs_A,S2,diversified_regional,9,3
fhlb_line_share,0.03,C_vs_A,S2,regional_cat3,9,9
fhlb_line_share,0.03,C_vs_A,S2,gsib,9,0
fhlb_line_share,0.03,B_vs_A,S2,svb_like,9,0
fhlb_line_share,0.03,B_vs_A,S2,diversified_regional,9,9
fhlb_line_share,0.03,B_vs_A,S2,regional_cat3,9,3
fhlb_line_share,0.03,B_vs_A,S2,gsib,9,0
fhlb_line_share,0.03,E_vs_A,S2,svb_like,9,0
fhlb_line_share,0.03,E_vs_A,S2,diversified_regional,9,9
fhlb_line_share,0.03,E_vs_A,S2,regional_cat3,9,3
fhlb_line_share,0.03,E_vs_A,S2,gsib,9,0
fhlb_line_share,0.03,C_prime_vs_C,S2,svb_like,9,9
fhlb_line_share,0.03,C_prime_vs_C,S2,diversified_regional,9,3
fhlb_line_share,0.03,C_prime_vs_C,S2,regional_cat3,9,0
fhlb_line_share,0.03,C_prime_vs_C,S2,gsib,9,0
fhlb_line_share,0.03,B_prime_vs_B,S2,svb_like,9,0
fhlb_line_share,0.03,B_prime_vs_B,S2,diversified_regional,9,0
fhlb_line_share,0.03,B_prime_vs_B,S2,regional_cat3,9,0
fhlb_line_share,0.03,B_prime_vs_B,S2,gsib,9,0
fhlb_line_share,0.08,B_vs_C,S1,svb_like,9,0
fhlb_line_share,0.08,B_vs_C,S1,diversified_regional,9,0
fhlb_line_share,0.08,B_vs_C,S1,regional_cat3,9,0
fhlb_line_share,0.08,B_vs_C,S1,gsib,9,6
fhlb_line_share,0.08,B_vs_E,S1,svb_like,9,0
fhlb_line_share,0.08,B_vs_E,S1,diversified_regional,9,0
fhlb_line_share,0.08,B_vs_E,S1,regional_cat3,9,0
fhlb_line_share,0.08,B_vs_E,S1,gsib,9,0
fhlb_line_share,0.08,C_vs_A,S1,svb_like,9,9
fhlb_line_share,0.08,C_vs_A,S1,diversified_regional,9,4
fhlb_line_share,0.08,C_vs_A,S1,regional_cat3,9,0
fhlb_line_share,0.08,C_vs_A,S1,gsib,9,0
fhlb_line_share,0.08,B_vs_A,S1,svb_like,9,0
fhlb_line_share,0.08,B_vs_A,S1,diversified_regional,9,0
fhlb_line_share,0.08,B_vs_A,S1,regional_cat3,9,0
fhlb_line_share,0.08,B_vs_A,S1,gsib,9,6
fhlb_line_share,0.08,E_vs_A,S1,svb_like,9,0
fhlb_line_share,0.08,E_vs_A,S1,diversified_regional,9,0
fhlb_line_share,0.08,E_vs_A,S1,regional_cat3,9,0
fhlb_line_share,0.08,E_vs_A,S1,gsib,9,6
fhlb_line_share,0.08,C_prime_vs_C,S1,svb_like,9,0
fhlb_line_share,0.08,C_prime_vs_C,S1,diversified_regional,9,4
fhlb_line_share,0.08,C_prime_vs_C,S1,regional_cat3,9,0
fhlb_line_share,0.08,C_prime_vs_C,S1,gsib,9,0
fhlb_line_share,0.08,B_prime_vs_B,S1,svb_like,9,0
fhlb_line_share,0.08,B_prime_vs_B,S1,diversified_regional,9,0
fhlb_line_share,0.08,B_prime_vs_B,S1,regional_cat3,9,0
fhlb_line_share,0.08,B_prime_vs_B,S1,gsib,9,0
fhlb_line_share,0.08,B_vs_C,S2,svb_like,9,0
fhlb_line_share,0.08,B_vs_C,S2,diversified_regional,9,0
fhlb_line_share,0.08,B_vs_C,S2,regional_cat3,9,0
fhlb_line_share,0.08,B_vs_C,S2,gsib,9,0
fhlb_line_share,0.08,B_vs_E,S2,svb_like,9,0
fhlb_line_share,0.08,B_vs_E,S2,diversified_regional,9,0
fhlb_line_share,0.08,B_vs_E,S2,regional_cat3,9,0
fhlb_line_share,0.08,B_vs_E,S2,gsib,9,0
fhlb_line_share,0.08,C_vs_A,S2,svb_like,9,9
fhlb_line_share,0.08,C_vs_A,S2,diversified_regional,9,0
fhlb_line_share,0.08,C_vs_A,S2,regional_cat3,9,0
fhlb_line_share,0.08,C_vs_A,S2,gsib,9,0
fhlb_line_share,0.08,B_vs_A,S2,svb_like,9,0
fhlb_line_share,0.08,B_vs_A,S2,diversified_regional,9,0
fhlb_line_share,0.08,B_vs_A,S2,regional_cat3,9,6
fhlb_line_share,0.08,B_vs_A,S2,gsib,9,0
fhlb_line_share,0.08,E_vs_A,S2,svb_like,9,0
fhlb_line_share,0.08,E_vs_A,S2,diversified_regional,9,0
fhlb_line_share,0.08,E_vs_A,S2,regional_cat3,9,6
fhlb_line_share,0.08,E_vs_A,S2,gsib,9,0
fhlb_line_share,0.08,C_prime_vs_C,S2,svb_like,9,0
fhlb_line_share,0.08,C_prime_vs_C,S2,diversified_regional,9,0
fhlb_line_share,0.08,C_prime_vs_C,S2,regional_cat3,9,0
fhlb_line_share,0.08,C_prime_vs_C,S2,gsib,9,9
fhlb_line_share,0.08,B_prime_vs_B,S2,svb_like,9,0
fhlb_line_share,0.08,B_prime_vs_B,S2,diversified_regional,9,0
fhlb_line_share,0.08,B_prime_vs_B,S2,regional_cat3,9,0
fhlb_line_share,0.08,B_prime_vs_B,S2,gsib,9,0
repo_line_multiple,x0.5,B_vs_C,S1,svb_like,9,0
repo_line_multiple,x0.5,B_vs_C,S1,diversified_regional,9,0
repo_line_multiple,x0.5,B_vs_C,S1,regional_cat3,9,0
repo_line_multiple,x0.5,B_vs_C,S1,gsib,9,0
repo_line_multiple,x0.5,B_vs_E,S1,svb_like,9,0
repo_line_multiple,x0.5,B_vs_E,S1,diversified_regional,9,0
repo_line_multiple,x0.5,B_vs_E,S1,regional_cat3,9,0
repo_line_multiple,x0.5,B_vs_E,S1,gsib,9,0
repo_line_multiple,x0.5,C_vs_A,S1,svb_like,9,0
repo_line_multiple,x0.5,C_vs_A,S1,diversified_regional,9,0
repo_line_multiple,x0.5,C_vs_A,S1,regional_cat3,9,0
repo_line_multiple,x0.5,C_vs_A,S1,gsib,9,0
repo_line_multiple,x0.5,B_vs_A,S1,svb_like,9,0
repo_line_multiple,x0.5,B_vs_A,S1,diversified_regional,9,0
repo_line_multiple,x0.5,B_vs_A,S1,regional_cat3,9,0
repo_line_multiple,x0.5,B_vs_A,S1,gsib,9,0
repo_line_multiple,x0.5,E_vs_A,S1,svb_like,9,0
repo_line_multiple,x0.5,E_vs_A,S1,diversified_regional,9,0
repo_line_multiple,x0.5,E_vs_A,S1,regional_cat3,9,0
repo_line_multiple,x0.5,E_vs_A,S1,gsib,9,0
repo_line_multiple,x0.5,C_prime_vs_C,S1,svb_like,9,0
repo_line_multiple,x0.5,C_prime_vs_C,S1,diversified_regional,9,0
repo_line_multiple,x0.5,C_prime_vs_C,S1,regional_cat3,9,0
repo_line_multiple,x0.5,C_prime_vs_C,S1,gsib,9,0
repo_line_multiple,x0.5,B_prime_vs_B,S1,svb_like,9,0
repo_line_multiple,x0.5,B_prime_vs_B,S1,diversified_regional,9,0
repo_line_multiple,x0.5,B_prime_vs_B,S1,regional_cat3,9,0
repo_line_multiple,x0.5,B_prime_vs_B,S1,gsib,9,0
repo_line_multiple,x0.5,B_vs_C,S2,svb_like,9,0
repo_line_multiple,x0.5,B_vs_C,S2,diversified_regional,9,0
repo_line_multiple,x0.5,B_vs_C,S2,regional_cat3,9,0
repo_line_multiple,x0.5,B_vs_C,S2,gsib,9,0
repo_line_multiple,x0.5,B_vs_E,S2,svb_like,9,0
repo_line_multiple,x0.5,B_vs_E,S2,diversified_regional,9,0
repo_line_multiple,x0.5,B_vs_E,S2,regional_cat3,9,0
repo_line_multiple,x0.5,B_vs_E,S2,gsib,9,0
repo_line_multiple,x0.5,C_vs_A,S2,svb_like,9,0
repo_line_multiple,x0.5,C_vs_A,S2,diversified_regional,9,0
repo_line_multiple,x0.5,C_vs_A,S2,regional_cat3,9,2
repo_line_multiple,x0.5,C_vs_A,S2,gsib,9,0
repo_line_multiple,x0.5,B_vs_A,S2,svb_like,9,0
repo_line_multiple,x0.5,B_vs_A,S2,diversified_regional,9,0
repo_line_multiple,x0.5,B_vs_A,S2,regional_cat3,9,0
repo_line_multiple,x0.5,B_vs_A,S2,gsib,9,0
repo_line_multiple,x0.5,E_vs_A,S2,svb_like,9,0
repo_line_multiple,x0.5,E_vs_A,S2,diversified_regional,9,0
repo_line_multiple,x0.5,E_vs_A,S2,regional_cat3,9,0
repo_line_multiple,x0.5,E_vs_A,S2,gsib,9,0
repo_line_multiple,x0.5,C_prime_vs_C,S2,svb_like,9,0
repo_line_multiple,x0.5,C_prime_vs_C,S2,diversified_regional,9,0
repo_line_multiple,x0.5,C_prime_vs_C,S2,regional_cat3,9,0
repo_line_multiple,x0.5,C_prime_vs_C,S2,gsib,9,0
repo_line_multiple,x0.5,B_prime_vs_B,S2,svb_like,9,0
repo_line_multiple,x0.5,B_prime_vs_B,S2,diversified_regional,9,0
repo_line_multiple,x0.5,B_prime_vs_B,S2,regional_cat3,9,0
repo_line_multiple,x0.5,B_prime_vs_B,S2,gsib,9,0
repo_line_multiple,x1.5,B_vs_C,S1,svb_like,9,0
repo_line_multiple,x1.5,B_vs_C,S1,diversified_regional,9,0
repo_line_multiple,x1.5,B_vs_C,S1,regional_cat3,9,0
repo_line_multiple,x1.5,B_vs_C,S1,gsib,9,0
repo_line_multiple,x1.5,B_vs_E,S1,svb_like,9,0
repo_line_multiple,x1.5,B_vs_E,S1,diversified_regional,9,0
repo_line_multiple,x1.5,B_vs_E,S1,regional_cat3,9,0
repo_line_multiple,x1.5,B_vs_E,S1,gsib,9,0
repo_line_multiple,x1.5,C_vs_A,S1,svb_like,9,0
repo_line_multiple,x1.5,C_vs_A,S1,diversified_regional,9,1
repo_line_multiple,x1.5,C_vs_A,S1,regional_cat3,9,0
repo_line_multiple,x1.5,C_vs_A,S1,gsib,9,0
repo_line_multiple,x1.5,B_vs_A,S1,svb_like,9,0
repo_line_multiple,x1.5,B_vs_A,S1,diversified_regional,9,0
repo_line_multiple,x1.5,B_vs_A,S1,regional_cat3,9,0
repo_line_multiple,x1.5,B_vs_A,S1,gsib,9,0
repo_line_multiple,x1.5,E_vs_A,S1,svb_like,9,0
repo_line_multiple,x1.5,E_vs_A,S1,diversified_regional,9,0
repo_line_multiple,x1.5,E_vs_A,S1,regional_cat3,9,0
repo_line_multiple,x1.5,E_vs_A,S1,gsib,9,0
repo_line_multiple,x1.5,C_prime_vs_C,S1,svb_like,9,0
repo_line_multiple,x1.5,C_prime_vs_C,S1,diversified_regional,9,1
repo_line_multiple,x1.5,C_prime_vs_C,S1,regional_cat3,9,0
repo_line_multiple,x1.5,C_prime_vs_C,S1,gsib,9,0
repo_line_multiple,x1.5,B_prime_vs_B,S1,svb_like,9,0
repo_line_multiple,x1.5,B_prime_vs_B,S1,diversified_regional,9,0
repo_line_multiple,x1.5,B_prime_vs_B,S1,regional_cat3,9,0
repo_line_multiple,x1.5,B_prime_vs_B,S1,gsib,9,0
repo_line_multiple,x1.5,B_vs_C,S2,svb_like,9,0
repo_line_multiple,x1.5,B_vs_C,S2,diversified_regional,9,0
repo_line_multiple,x1.5,B_vs_C,S2,regional_cat3,9,0
repo_line_multiple,x1.5,B_vs_C,S2,gsib,9,0
repo_line_multiple,x1.5,B_vs_E,S2,svb_like,9,0
repo_line_multiple,x1.5,B_vs_E,S2,diversified_regional,9,0
repo_line_multiple,x1.5,B_vs_E,S2,regional_cat3,9,0
repo_line_multiple,x1.5,B_vs_E,S2,gsib,9,0
repo_line_multiple,x1.5,C_vs_A,S2,svb_like,9,0
repo_line_multiple,x1.5,C_vs_A,S2,diversified_regional,9,0
repo_line_multiple,x1.5,C_vs_A,S2,regional_cat3,9,0
repo_line_multiple,x1.5,C_vs_A,S2,gsib,9,0
repo_line_multiple,x1.5,B_vs_A,S2,svb_like,9,0
repo_line_multiple,x1.5,B_vs_A,S2,diversified_regional,9,0
repo_line_multiple,x1.5,B_vs_A,S2,regional_cat3,9,0
repo_line_multiple,x1.5,B_vs_A,S2,gsib,9,0
repo_line_multiple,x1.5,E_vs_A,S2,svb_like,9,0
repo_line_multiple,x1.5,E_vs_A,S2,diversified_regional,9,0
repo_line_multiple,x1.5,E_vs_A,S2,regional_cat3,9,0
repo_line_multiple,x1.5,E_vs_A,S2,gsib,9,0
repo_line_multiple,x1.5,C_prime_vs_C,S2,svb_like,9,0
repo_line_multiple,x1.5,C_prime_vs_C,S2,diversified_regional,9,0
repo_line_multiple,x1.5,C_prime_vs_C,S2,regional_cat3,9,0
repo_line_multiple,x1.5,C_prime_vs_C,S2,gsib,9,0
repo_line_multiple,x1.5,B_prime_vs_B,S2,svb_like,9,0
repo_line_multiple,x1.5,B_prime_vs_B,S2,diversified_regional,9,0
repo_line_multiple,x1.5,B_prime_vs_B,S2,regional_cat3,9,0
repo_line_multiple,x1.5,B_prime_vs_B,S2,gsib,9,0
